Time,Sales Rank,New Price,List Price
"5/4/2024, 12:06:28 AM",82038,61.75,73.73
"5/4/2024, 6:07:22 AM",69263,61.75,73.73
"5/4/2024, 12:08:08 PM",76983,61.75,73.73
"5/4/2024, 6:08:35 PM",84089,61.75,73.73
"5/5/2024, 12:09:22 AM",63815,61.75,73.73
"5/5/2024, 6:10:14 AM",53160,61.75,73.73
"5/5/2024, 12:11:03 PM",53890,61.75,73.73
"5/5/2024, 6:11:27 PM",55625,61.75,73.73
"5/6/2024, 12:12:11 AM",64692,61.75,73.73
"5/6/2024, 6:12:47 AM",66636,61.75,73.73
"5/6/2024, 12:13:24 PM",86660,61.75,73.73
"5/6/2024, 6:14:08 PM",76010,61.75,73.73
"5/7/2024, 12:14:26 AM",67349,61.75,73.73
"5/7/2024, 6:15:10 AM",79442,61.75,73.73
"5/7/2024, 12:15:45 PM",76297,61.75,73.73
"5/7/2024, 6:16:30 PM",72623,61.75,73.73
"5/8/2024, 12:17:21 AM",69029,61.75,73.73
"5/8/2024, 6:18:06 AM",80694,61.75,73.73
"5/8/2024, 12:20:30 PM",69844,61.75,73.73
"5/8/2024, 6:21:14 PM",68770,61.75,73.73
"5/9/2024, 12:22:06 AM",79039,61.75,73.73
"5/9/2024, 6:22:28 AM",87643,61.75,73.73
"5/9/2024, 12:23:21 PM",112334,61.75,73.73
"5/9/2024, 8:24:07 PM",114160,61.75,73.73
"5/10/2024, 4:24:45 AM",73281,61.75,73.73
"5/10/2024, 10:25:24 AM",71379,61.75,73.73
"5/10/2024, 4:26:14 PM",78711,61.75,73.73
"5/10/2024, 10:27:04 PM",80207,61.75,73.73
"5/11/2024, 4:27:42 AM",83689,61.75,73.73
"5/11/2024, 10:28:29 AM",80343,61.75,73.73
"5/11/2024, 4:29:13 PM",83044,61.75,73.73
"5/11/2024, 10:29:53 PM",86103,61.75,73.73
"5/12/2024, 4:30:37 AM",108736,61.75,73.73
"5/12/2024, 12:31:24 PM",51248,61.75,73.73
"5/12/2024, 6:32:13 PM",50360,61.75,73.73
"5/13/2024, 12:33:04 AM",65625,61.75,73.73
"5/13/2024, 6:33:27 AM",66582,61.75,73.73
"5/13/2024, 12:34:20 PM",65743,61.75,73.73
"5/13/2024, 6:35:05 PM",67907,61.75,73.73
"5/14/2024, 12:35:37 AM",48149,61.75,73.73
"5/14/2024, 6:36:25 AM",51592,61.75,73.73
"5/14/2024, 12:37:24 PM",56829,61.75,73.73
"5/14/2024, 6:38:08 PM",65722,61.75,73.73
"5/15/2024, 12:38:44 AM",63152,61.75,73.73
"5/15/2024, 6:39:35 AM",41319,61.75,73.73
"5/15/2024, 12:40:30 PM",45064,61.75,73.73
"5/15/2024, 6:41:20 PM",48212,61.75,73.73
"5/16/2024, 12:42:04 AM",53450,61.75,73.73
"5/16/2024, 6:42:38 AM",55388,61.75,73.73
"5/16/2024, 12:43:24 PM",50927,61.75,73.73
"5/16/2024, 6:44:09 PM",53238,61.75,73.73
"5/17/2024, 12:44:52 AM",61093,61.75,73.73
"5/17/2024, 6:45:42 AM",70004,61.75,73.73
"5/17/2024, 12:46:27 PM",62704,61.75,73.73
"5/17/2024, 6:47:14 PM",61166,61.75,73.73
"5/18/2024, 12:48:06 AM",66809,61.75,73.73
"5/18/2024, 6:48:38 AM",72587,61.75,73.73
"5/18/2024, 12:49:23 PM",76270,61.75,73.73
"5/19/2024, 12:50:44 AM",77669,61.75,73.73
"5/19/2024, 6:51:29 AM",54314,61.75,73.73
"5/19/2024, 12:52:21 PM",58274,61.75,73.73
"5/19/2024, 6:53:07 PM",56316,61.75,73.73
"5/20/2024, 12:53:41 AM",37221,61.75,73.73
"5/20/2024, 6:54:31 AM",46275,61.75,73.73
"5/20/2024, 12:59:56 PM",53359,61.75,73.73
"5/20/2024, 7:00:41 PM",52181,61.75,73.73
"5/21/2024, 1:01:31 AM",70122,61.75,73.73
"5/21/2024, 7:02:18 AM",63046,61.75,73.73
"5/21/2024, 1:03:15 PM",69770,61.75,73.73
"5/21/2024, 7:04:04 PM",72642,61.75,73.73
"5/22/2024, 1:05:11 AM",71120,59.99,73.73
"5/22/2024, 7:05:55 AM",77379,59.99,73.73
"5/22/2024, 1:06:49 PM",58319,59.99,73.73
"5/22/2024, 7:07:44 PM",62654,59.99,73.73
"5/23/2024, 1:08:32 AM",42134,59.69,73.73
"5/23/2024, 7:09:22 AM",48053,59.69,73.73
"5/23/2024, 1:10:18 PM",50527,59.69,73.73
"5/23/2024, 7:11:05 PM",48379,59.69,73.73
"5/24/2024, 1:11:47 AM",50566,59.69,73.73
"5/24/2024, 7:12:29 AM",58007,59.69,73.73
"5/24/2024, 1:13:25 PM",60177,59.69,73.73
"5/24/2024, 7:14:15 PM",61256,59.69,73.73
"5/25/2024, 1:15:07 AM",78309,59.69,73.73
"5/25/2024, 7:15:42 AM",72881,59.69,73.73
"5/25/2024, 1:16:31 PM",74838,59.69,73.73
"5/25/2024, 7:17:23 PM",69611,59.69,73.73
"5/26/2024, 1:18:13 AM",66986,59.69,73.73
"5/26/2024, 7:18:51 AM",55245,59.69,73.73
"5/26/2024, 1:19:43 PM",48184,59.69,73.73
"5/26/2024, 7:20:29 PM",42118,59.69,73.73
"5/27/2024, 1:21:27 AM",44478,59.69,73.73
"5/27/2024, 7:22:17 AM",47331,59.69,73.73
"5/27/2024, 1:23:07 PM",44990,59.69,73.73
"5/27/2024, 7:23:44 PM",46307,59.69,73.73
"5/28/2024, 1:24:29 AM",46783,59.69,73.73
"5/28/2024, 7:25:25 AM",44010,59.69,73.73
"5/28/2024, 1:28:14 PM",51899,59.69,73.73
"5/28/2024, 7:29:04 PM",52617,59.69,73.73
"5/29/2024, 1:29:41 AM",46308,59.69,73.73
"5/29/2024, 7:30:33 AM",53089,59.69,73.73
"5/29/2024, 1:31:12 PM",57341,59.69,73.73
"5/29/2024, 7:32:04 PM",58576,59.69,73.73
"5/30/2024, 1:32:57 AM",43881,59.69,73.73
"5/30/2024, 7:33:43 AM",49923,59.69,73.73
"5/30/2024, 1:34:29 PM",57912,59.69,73.73
"5/30/2024, 7:35:19 PM",43691,59.69,73.73
"5/31/2024, 1:36:06 AM",53954,59.69,73.73
"5/31/2024, 7:36:47 AM",60521,59.69,73.73
"5/31/2024, 1:37:38 PM",40093,59.69,73.73
"5/31/2024, 7:38:25 PM",42269,57.95,73.73
"6/1/2024, 1:39:07 AM",52965,57.95,73.73
"6/1/2024, 7:39:36 AM",66556,57.95,73.73
"6/1/2024, 1:40:21 PM",38794,57.95,73.73
"6/1/2024, 7:41:04 PM",41297,57.95,73.73
"6/2/2024, 1:41:40 AM",42843,57.95,73.73
"6/2/2024, 7:42:33 AM",32426,57.95,73.73
"6/2/2024, 1:43:23 PM",33279,57.95,73.73
"6/2/2024, 7:44:13 PM",32883,57.95,73.73
"6/3/2024, 1:45:05 AM",42432,57.95,73.73
"6/3/2024, 7:45:35 AM",45431,57.95,73.73
"6/3/2024, 1:46:25 PM",42666,57.95,73.73
"6/3/2024, 7:49:32 PM",34718,57.95,73.73
"6/4/2024, 1:50:22 AM",36466,57.95,73.73
"6/4/2024, 7:51:07 AM",41927,57.95,73.73
"6/4/2024, 1:51:47 PM",41963,58,73.73
"6/4/2024, 7:52:41 PM",43383,58,73.73
"6/5/2024, 1:53:30 AM",49186,58,73.73
"6/5/2024, 7:54:21 AM",43760,58,73.73
"6/5/2024, 1:55:11 PM",51912,58,73.73
"6/5/2024, 7:55:46 PM",47946,58,73.73
"6/6/2024, 1:56:29 AM",48170,58,73.73
"6/6/2024, 7:57:21 AM",50891,58,73.73
"6/6/2024, 1:58:06 PM",55558,58,73.73
"6/6/2024, 7:58:40 PM",55064,58,73.73
"6/7/2024, 1:59:25 AM",59623,58,73.73
"6/7/2024, 8:00:10 AM",60844,58,73.73
"6/7/2024, 2:00:43 PM",66343,58,73.73
"6/7/2024, 8:01:30 PM",72719,58,73.73
"6/8/2024, 2:02:23 AM",71593,58,73.73
"6/8/2024, 8:03:07 AM",87031,58,73.73
"6/8/2024, 2:03:43 PM",94445,58,73.73
"6/8/2024, 8:04:28 PM",95052,58,73.73
"6/9/2024, 2:05:19 AM",72417,58,73.73
"6/9/2024, 8:06:05 AM",84387,58,73.73
"6/9/2024, 2:06:35 PM",64488,58,73.73
"6/9/2024, 8:07:24 PM",59024,58,73.73
"6/10/2024, 2:08:09 AM",77851,58,73.73
"6/10/2024, 8:08:45 AM",51409,58,73.73
"6/10/2024, 2:09:41 PM",49605,58,73.73
"6/10/2024, 8:10:34 PM",51892,58,73.73
"6/11/2024, 2:11:25 AM",54362,58,73.73
"6/11/2024, 8:13:51 AM",49292,58,73.73
"6/11/2024, 2:17:17 PM",51914,58,73.73
"6/11/2024, 8:24:10 PM",54330,58,73.73
"6/12/2024, 2:29:27 AM",52172,58,73.73
"6/12/2024, 8:30:10 AM",53457,58,73.73
"6/12/2024, 2:31:16 PM",50087,58,73.73
"6/12/2024, 8:32:06 PM",51980,58,73.73
"6/13/2024, 2:33:13 AM",61521,58,73.73
"6/13/2024, 8:34:03 AM",38444,58,73.73
"6/13/2024, 8:41:48 PM",45443,58,73.73
"6/14/2024, 2:49:01 AM",41291,58,73.73
"6/14/2024, 8:49:30 AM",42789,58,73.73
"6/14/2024, 2:50:37 PM",32321,58,73.73
"6/14/2024, 8:51:25 PM",35200,58,73.73
"6/15/2024, 2:52:07 AM",38569,58,73.73
"6/15/2024, 8:52:41 AM",46505,58,73.73
"6/15/2024, 2:53:30 PM",48011,58,73.73
"6/15/2024, 8:54:20 PM",48059,58,73.73
"6/16/2024, 2:55:07 AM",44667,58,73.73
"6/16/2024, 8:55:44 AM",46882,58,73.73
"6/16/2024, 2:56:36 PM",47409,58,73.73
"6/16/2024, 8:57:24 PM",51294,58,73.73
"6/17/2024, 2:58:13 AM",43281,58,73.73
"6/17/2024, 8:59:03 AM",42582,58,73.73
"6/17/2024, 9:00:28 PM",48698,58,73.73
"6/18/2024, 3:01:20 AM",44605,58,73.73
"6/18/2024, 9:02:06 AM",41385,58,73.73
"6/18/2024, 3:02:59 PM",44044,58,73.73
"6/18/2024, 9:03:48 PM",42974,58,73.73
"6/19/2024, 3:04:33 AM",40460,58,73.73
"6/19/2024, 9:05:23 AM",49404,58,73.73
"6/19/2024, 3:06:29 PM",44325,58,73.73
"6/19/2024, 9:07:21 PM",50587,57.95,73.73
"6/20/2024, 3:08:14 AM",66017,57.95,73.73
"6/20/2024, 9:09:05 AM",73764,57.95,73.73
"6/20/2024, 3:09:46 PM",69945,57.95,73.73
"6/20/2024, 9:10:42 PM",72389,57.95,73.73
"6/21/2024, 4:05:00 AM",71121,57.95,73.73
"6/21/2024, 10:08:33 AM",88384,57.95,73.73
"6/21/2024, 4:09:14 PM",91292,57.95,73.73
"6/21/2024, 10:10:08 PM",76594,57.95,73.73
"6/22/2024, 4:10:43 AM",97939,57.95,73.73
"6/22/2024, 10:11:52 AM",91620,58,73.73
"6/22/2024, 4:12:36 PM",96017,58,73.73
"6/22/2024, 10:13:29 PM",99879,58,73.73
"6/23/2024, 4:14:23 AM",72952,58,73.73
"6/23/2024, 10:15:21 AM",92303,58,73.73
"6/23/2024, 4:16:03 PM",82196,58,73.73
"6/23/2024, 10:16:49 PM",72439,58,73.73
"6/24/2024, 4:17:30 AM",49772,58,73.73
"6/24/2024, 10:19:03 AM",43536,58,73.73
"6/24/2024, 10:20:52 PM",46380,58,73.73
"6/25/2024, 4:21:25 AM",63381,58,73.73
"6/25/2024, 10:22:15 AM",45463,58,73.73
"6/25/2024, 4:23:06 PM",43106,58,73.73
"6/25/2024, 10:23:57 PM",46970,58,73.73
"6/26/2024, 4:24:40 AM",51585,58,73.73
"6/26/2024, 10:25:39 AM",49142,58,73.73
"6/26/2024, 4:26:25 PM",53307,58,73.73
"6/26/2024, 10:27:23 PM",59745,58,73.73
"6/27/2024, 4:28:06 AM",57966,58,73.73
"6/27/2024, 10:28:53 AM",65721,58,73.73
"6/27/2024, 4:29:36 PM",52979,58,73.73
"6/27/2024, 10:30:30 PM",50060,58,73.73
"6/28/2024, 4:31:08 AM",68354,58,73.73
"6/28/2024, 10:31:45 AM",56371,58,73.73
"6/28/2024, 4:32:27 PM",60880,58,73.73
"6/28/2024, 10:33:21 PM",54726,58,73.73
"6/29/2024, 4:34:07 AM",71361,57.97,73.73
"6/29/2024, 10:34:51 AM",77155,58.34,73.73
"6/29/2024, 4:35:44 PM",71671,58.34,73.73
"6/29/2024, 10:36:30 PM",71319,58.34,73.73
"6/30/2024, 4:37:12 AM",69214,58.34,73.73
"6/30/2024, 10:38:03 AM",74710,58.34,73.73
"6/30/2024, 4:38:28 PM",83616,58.34,73.73
"6/30/2024, 10:39:21 PM",92926,58.34,73.73
"7/1/2024, 4:40:07 AM",84067,58,73.73
"7/1/2024, 10:40:46 AM",82102,58,73.73
"7/1/2024, 4:41:39 PM",60965,58,73.73
"7/1/2024, 10:42:33 PM",64724,58,73.73
"7/2/2024, 4:43:13 AM",67334,58,73.73
"7/2/2024, 10:44:04 AM",69967,58,73.73
"7/2/2024, 4:44:28 PM",69669,58,73.73
"7/2/2024, 10:45:24 PM",71513,58,73.73
"7/3/2024, 4:46:06 AM",70041,58,73.73
"7/3/2024, 10:47:00 AM",50650,58,73.73
"7/3/2024, 4:48:59 PM",54609,58,73.73
"7/3/2024, 10:49:46 PM",57386,58,73.73
"7/4/2024, 4:50:34 AM",58360,58,73.73
"7/4/2024, 11:08:46 AM",58727,58,73.73
"7/4/2024, 5:09:41 PM",48661,58,73.73
"7/4/2024, 11:10:44 PM",59688,58,73.73
"7/5/2024, 5:11:24 AM",54776,58,73.73
"7/5/2024, 11:12:08 AM",67398,58,73.73
"7/5/2024, 5:12:45 PM",74446,58,73.73
"7/5/2024, 11:13:34 PM",73448,58,73.73
"7/6/2024, 5:14:24 AM",70105,58,73.73
"7/6/2024, 11:15:08 AM",79502,58,73.73
"7/6/2024, 5:15:44 PM",65020,58,73.73
"7/6/2024, 11:16:27 PM",59618,58,73.73
"7/7/2024, 5:17:13 AM",59266,58,73.73
"7/7/2024, 11:18:04 AM",46337,58,73.73
"7/7/2024, 5:18:35 PM",46428,58,73.73
"7/7/2024, 11:19:23 PM",50182,58,73.73
"7/8/2024, 5:20:07 AM",51084,58,73.73
"7/8/2024, 11:20:56 AM",45775,58,73.73
"7/8/2024, 5:21:29 PM",50358,58,73.73
"7/8/2024, 11:22:23 PM",46914,58,73.73
"7/9/2024, 5:23:09 AM",50575,58,73.73
"7/9/2024, 11:23:43 AM",56462,58,73.73
"7/9/2024, 5:24:29 PM",58750,58,73.73
"7/9/2024, 11:51:14 PM",56529,58,73.73
"7/10/2024, 6:34:02 AM",45729,58,73.73
"7/10/2024, 12:34:42 PM",38572,58,73.73
"7/10/2024, 6:37:33 PM",44850,58,73.73
"7/11/2024, 12:38:24 AM",40829,58,73.73
"7/11/2024, 6:39:14 AM",42117,58,73.73
"7/11/2024, 12:40:05 PM",45921,58,73.73
"7/11/2024, 6:40:52 PM",47014,58,73.73
"7/12/2024, 12:41:42 AM",56195,58,73.73
"7/12/2024, 6:42:34 AM",56074,58,73.73
"7/12/2024, 12:43:29 PM",53809,58,73.73
"7/12/2024, 6:44:18 PM",55503,58,73.73
"7/13/2024, 12:45:21 AM",55918,58,73.73
"7/13/2024, 6:46:06 AM",48255,58,73.73
"7/13/2024, 12:46:24 PM",47539,58,73.73
"7/13/2024, 6:47:34 PM",49706,58,73.73
"7/14/2024, 12:48:20 AM",54445,58,73.73
"7/14/2024, 6:49:13 AM",60509,58,73.73
"7/14/2024, 12:50:05 PM",55111,58,73.73
"7/14/2024, 6:50:56 PM",59108,58,73.73
"7/15/2024, 12:51:37 AM",58561,58,73.73
"7/15/2024, 6:52:30 AM",43342,58,73.73
"7/15/2024, 12:53:20 PM",46871,58,73.73
"7/15/2024, 6:54:13 PM",45138,58,73.73
"7/16/2024, 12:55:05 AM",42533,58,73.73
"7/16/2024, 6:55:52 AM",44027,58,73.73
"7/16/2024, 12:56:48 PM",38444,58,73.73
"7/16/2024, 6:58:45 PM",36653,58,73.73
"7/17/2024, 12:59:29 AM",55723,58,73.73
"7/17/2024, 7:00:24 AM",61589,58,73.73
"7/17/2024, 1:01:12 PM",58508,58,73.73
"7/17/2024, 7:02:04 PM",51447,58,73.73
"7/18/2024, 1:02:42 AM",65482,58,73.73
"7/18/2024, 7:03:31 AM",63138,58,73.73
"7/18/2024, 1:04:25 PM",60508,58,73.73
"7/18/2024, 7:05:18 PM",69755,58,73.73
"7/19/2024, 1:06:11 AM",59280,58,73.73
"7/19/2024, 7:07:03 AM",64161,58,73.73
"7/19/2024, 1:07:48 PM",73101,58,73.73
"7/19/2024, 7:08:41 PM",74714,58,73.73
"7/20/2024, 1:09:29 AM",71300,58,73.73
"7/20/2024, 7:10:20 AM",77652,58,73.73
"7/20/2024, 1:11:13 PM",67560,58,73.73
"7/20/2024, 7:12:05 PM",71257,58,73.73
"7/21/2024, 1:12:45 AM",78015,58,73.73
"7/21/2024, 7:13:44 AM",62428,58,73.73
"7/21/2024, 1:14:44 PM",54461,58,73.73
"7/21/2024, 7:15:34 PM",60334,58,73.73
"7/22/2024, 1:16:23 AM",62060,58,73.73
"7/22/2024, 7:17:16 AM",63070,58,73.73
"7/22/2024, 1:18:24 PM",40440,58,73.73
"7/22/2024, 7:19:14 PM",47077,58,73.73
"7/23/2024, 1:20:07 AM",51031,58,73.73
"7/23/2024, 1:21:47 PM",40304,58,73.73
"7/23/2024, 7:22:41 PM",42311,58,73.73
"7/24/2024, 1:23:30 AM",41604,58,73.73
"7/24/2024, 7:24:25 AM",50543,58,73.73
"7/24/2024, 1:25:15 PM",43576,58,73.73
"7/24/2024, 7:26:13 PM",46452,58,73.73
"7/25/2024, 1:27:04 AM",55138,58,73.73
"7/25/2024, 7:27:48 AM",58171,58,73.73
"7/25/2024, 1:28:34 PM",55532,58,73.73
"7/25/2024, 7:29:29 PM",59284,58,73.73
"7/26/2024, 1:30:21 AM",57410,58,73.73
"7/26/2024, 7:31:05 AM",68304,58,73.73
"7/26/2024, 1:31:50 PM",83193,58,73.73
"7/26/2024, 7:32:40 PM",82682,58,73.73
"7/27/2024, 1:33:28 AM",73757,58,73.73
"7/27/2024, 7:34:16 AM",84146,58,73.73
"7/27/2024, 1:35:08 PM",71331,58,73.73
"7/27/2024, 7:35:59 PM",76436,58,73.73
"7/28/2024, 1:36:46 AM",71794,58,73.73
"7/28/2024, 7:37:44 AM",93190,58,73.73
"7/28/2024, 1:38:40 PM",89492,58,73.73
"7/28/2024, 7:39:29 PM",92385,58,73.73
"7/29/2024, 1:40:25 AM",82089,58,73.73
"7/29/2024, 7:41:13 AM",76865,58,73.73
"7/29/2024, 1:42:05 PM",74268,58,73.73
"7/29/2024, 7:43:13 PM",81993,58,73.73
"7/30/2024, 1:44:03 AM",84711,58,73.73
"7/30/2024, 7:44:49 AM",95520,58,73.73
"7/30/2024, 1:45:50 PM",75149,58,73.73
"7/30/2024, 7:46:47 PM",84525,58,73.73
"7/31/2024, 1:47:37 AM",92542,58,73.73
"7/31/2024, 7:48:30 AM",92741,58,73.73
"7/31/2024, 1:49:28 PM",91039,58,73.73
"7/31/2024, 7:50:34 PM",96659,58,73.73
"8/1/2024, 1:51:22 AM",116595,58,73.73
"8/1/2024, 9:52:14 AM",135163,58,73.73
"8/1/2024, 5:53:05 PM",136798,58,73.73
"8/2/2024, 1:53:51 AM",116691,58,73.73
"8/2/2024, 9:54:48 AM",140715,58,73.73
"8/2/2024, 5:55:36 PM",146693,58,73.73
"8/3/2024, 1:56:19 AM",95289,57.95,73.73
"8/3/2024, 7:57:14 AM",110202,58,73.73
"8/3/2024, 3:58:04 PM",134914,58,73.73
"8/3/2024, 11:58:45 PM",140559,58,73.73
"8/4/2024, 7:59:40 AM",118935,57.95,73.73
"8/4/2024, 4:00:25 PM",133023,57.95,73.73
"8/5/2024, 12:01:07 AM",141969,57.95,73.73
"8/5/2024, 8:02:02 AM",120676,57.95,73.73
"8/5/2024, 4:02:24 PM",98465,57.95,73.73
"8/5/2024, 10:03:14 PM",105162,57.95,73.73
"8/6/2024, 6:06:48 AM",94309,57.95,73.73
"8/6/2024, 12:07:44 PM",79024,57.95,73.73
"8/6/2024, 6:08:35 PM",69589,57.95,73.73
"8/7/2024, 12:31:32 AM",65892,57.95,73.73
"8/7/2024, 6:32:24 AM",65917,57.95,73.73
"8/7/2024, 12:35:17 PM",67500,57.95,73.73
"8/7/2024, 6:36:15 PM",70166,57.95,73.73
"8/8/2024, 12:37:50 AM",72161,57.95,73.73
"8/8/2024, 6:38:40 AM",72901,57.95,73.73
"8/10/2024, 6:51:04 AM",152924,57.95,73.73
"8/11/2024, 6:57:12 AM",137250,57.95,73.73
"8/11/2024, 2:58:13 PM",116857,57.95,73.73
"8/11/2024, 10:59:04 PM",87726,57.95,73.73
"8/12/2024, 4:59:27 AM",72031,57.95,73.73
"8/12/2024, 11:00:17 AM",89151,57.95,73.73
"8/12/2024, 5:01:03 PM",86874,57.95,73.73
"8/12/2024, 11:01:44 PM",102061,57.95,73.73
"8/13/2024, 7:02:33 AM",125604,57.95,73.73
"8/13/2024, 3:06:15 PM",116933,57.95,73.73
"8/13/2024, 11:07:11 PM",111922,57.95,73.73
"8/14/2024, 7:07:53 AM",101634,57.95,73.73
"8/14/2024, 3:09:16 PM",102995,57.95,73.73
"8/14/2024, 11:10:08 PM",113062,57.95,73.73
"8/15/2024, 7:10:44 AM",148771,57.95,73.73
"8/15/2024, 3:11:34 PM",127614,57.95,73.73
"8/15/2024, 11:12:23 PM",140923,57.95,73.73
"8/16/2024, 7:13:06 AM",165784,57.95,73.73
"8/16/2024, 3:15:50 PM",178711,57.95,73.73
"8/19/2024, 2:26:57 PM",116099,64.99,73.73
"8/19/2024, 10:27:10 PM",125590,64.99,73.73
"8/20/2024, 6:27:41 AM",134037,64.99,73.73
"8/20/2024, 3:23:54 PM",118257,64.99,73.73
"8/22/2024, 7:57:25 AM",174286,64.99,73.73
"8/22/2024, 4:10:34 PM",169791,79.99,73.73
"8/23/2024, 12:11:09 AM",124338,74.98,73.73
"8/23/2024, 8:12:04 AM",174494,74.98,73.73
"8/24/2024, 12:27:11 AM",182400,74.98,73.73
"8/24/2024, 8:28:04 AM",142026,74.98,73.73
"8/24/2024, 4:47:01 PM",156102,74.98,73.73
"8/25/2024, 12:47:22 AM",167107,74.98,73.73
"8/25/2024, 8:48:19 AM",206520,74.98,73.73
"8/25/2024, 8:55:46 PM",200961,74.98,73.73
"8/26/2024, 8:56:36 AM",233095,74.98,73.73
"8/26/2024, 9:20:36 PM",233352,74.98,73.73
"8/27/2024, 9:21:23 AM",246697,74.98,73.73
"8/27/2024, 9:37:28 PM",250213,64.99,73.73
"8/28/2024, 9:40:54 AM",255154,74.98,73.73
"8/28/2024, 9:48:19 PM",187649,74.98,73.73
"8/29/2024, 5:49:06 AM",208859,74.98,73.73
"8/29/2024, 5:57:00 PM",236304,74.98,73.73
"8/30/2024, 5:57:38 AM",247731,74.98,73.73
"8/30/2024, 6:04:06 PM",255476,74.98,73.73
"8/31/2024, 6:04:30 AM",264668,74.98,73.73
"8/31/2024, 6:06:42 PM",264778,74.98,73.73
"9/1/2024, 6:07:26 AM",273216,74.98,73.73
"9/1/2024, 6:09:18 PM",273701,74.98,73.73
"9/2/2024, 6:10:09 AM",279847,74.98,73.73
"9/2/2024, 6:15:58 PM",175050,74.98,73.73
"9/3/2024, 2:16:29 AM",212455,74.98,73.73
"9/3/2024, 2:41:21 PM",176590,74.98,73.73
"9/3/2024, 11:34:06 PM",196940,74.98,73.73
"9/4/2024, 7:34:42 AM",226734,74.98,73.73
"9/4/2024, 8:01:57 PM",236735,74.98,73.73
"9/5/2024, 8:02:30 AM",253537,74.98,73.73
"9/6/2024, 12:55:49 AM",158429,74.98,73.73
"9/6/2024, 8:56:27 AM",207903,74.98,73.73
"9/6/2024, 8:57:06 PM",220804,74.98,73.73
"9/7/2024, 8:57:28 AM",252412,74.98,73.73
"9/7/2024, 8:58:24 PM",255166,74.98,73.73
"9/8/2024, 8:59:11 AM",269747,74.98,73.73
"9/8/2024, 9:05:13 PM",274038,74.98,73.73
"9/9/2024, 9:06:05 AM",286108,74.98,73.73
"9/9/2024, 9:22:00 PM",198683,74.98,73.73
"9/10/2024, 5:40:35 AM",229810,74.98,73.73
"9/10/2024, 5:41:21 PM",251246,74.98,73.73
"9/11/2024, 5:56:40 AM",264801,74.98,73.73
"9/11/2024, 6:34:27 PM",272335,74.98,73.73
"9/12/2024, 7:19:43 AM",284534,74.98,73.73
"9/12/2024, 7:23:32 PM",284568,74.98,73.73
"9/13/2024, 7:42:10 AM",297481,74.98,73.73
"9/13/2024, 7:46:56 PM",187752,74.98,73.73
"9/14/2024, 3:47:35 AM",205643,74.98,73.73
"9/14/2024, 3:48:22 PM",252251,74.98,73.73
"9/15/2024, 3:49:05 AM",193791,74.98,73.73
"9/15/2024, 11:49:27 AM",223936,74.98,73.73
"9/15/2024, 11:54:18 PM",234318,74.98,73.73
"9/16/2024, 11:55:07 AM",258352,74.98,73.73
"9/17/2024, 12:08:00 AM",274430,74.98,94.99
"9/17/2024, 12:08:23 PM",90618,74.98,94.99
"9/17/2024, 6:09:03 PM",68203,74.98,94.99
"9/18/2024, 12:46:54 AM",74587,74.98,94.99
"9/18/2024, 6:54:38 AM",61352,74.98,94.99
"9/18/2024, 12:55:20 PM",70227,74.98,94.99
"9/18/2024, 6:56:16 PM",68116,74.98,94.99
"9/19/2024, 12:57:32 AM",74998,74.98,94.99
"9/19/2024, 7:00:01 AM",81087,74.98,94.99
"9/19/2024, 1:00:39 PM",39557,74.98,94.99
"9/19/2024, 7:01:28 PM",45372,74.98,94.99
"9/20/2024, 1:02:21 AM",29892,74.98,94.99
"9/20/2024, 7:03:14 AM",28457,74.98,94.99
"9/20/2024, 1:04:04 PM",24833,74.98,94.99
"9/20/2024, 7:04:46 PM",24296,74.98,94.99
"9/21/2024, 1:06:12 AM",27365,74.98,94.99
"9/21/2024, 7:07:00 AM",18210,74.98,94.99
"9/21/2024, 11:07:41 AM",19862,74.98,94.99
"9/21/2024, 3:08:22 PM",21739,74.98,94.99
"9/21/2024, 9:09:07 PM",23952,74.98,94.99
"9/22/2024, 3:09:38 AM",19931,74.98,94.99
"9/22/2024, 7:10:33 AM",21752,74.98,94.99
"9/22/2024, 1:11:10 PM",22313,74.98,94.99
"9/22/2024, 7:11:54 PM",21269,74.98,94.99
"9/23/2024, 1:12:48 AM",20520,74.98,94.99
"9/23/2024, 7:14:14 AM",18513,74.98,94.99
"9/23/2024, 11:17:18 AM",15496,74.98,94.99
"9/23/2024, 3:18:28 PM",15510,74.98,94.99
"9/23/2024, 7:19:16 PM",17223,74.98,94.99
"9/23/2024, 11:20:08 PM",18745,74.98,94.99
"9/24/2024, 3:20:47 AM",21629,74.98,94.99
"9/24/2024, 9:22:32 AM",19173,74.98,94.99
"9/24/2024, 1:23:06 PM",20265,74.98,94.99
"9/24/2024, 7:23:52 PM",21322,74.98,94.99
"9/25/2024, 1:25:15 AM",17511,64.99,94.99
"9/25/2024, 5:26:02 AM",17802,64.99,94.99
"9/25/2024, 9:26:51 AM",18640,64.99,94.99
"9/25/2024, 1:27:25 PM",16386,64.99,94.99
"9/25/2024, 5:28:07 PM",17377,64.99,94.99
"9/25/2024, 9:28:48 PM",17858,64.99,94.99
"9/26/2024, 1:29:33 AM",19374,64.99,94.99
"9/26/2024, 9:38:07 AM",24941,64.99,94.99
"9/26/2024, 3:38:45 PM",23730,64.99,94.99
"9/26/2024, 9:39:38 PM",26178,64.99,94.99
"9/27/2024, 3:42:01 AM",30559,64.99,94.99
"9/27/2024, 9:42:49 AM",28542,64.99,94.99
"9/27/2024, 3:43:29 PM",29023,64.99,94.99
"9/27/2024, 9:44:16 PM",31211,64.99,94.99
"9/28/2024, 3:45:08 AM",27304,64.99,94.99
"9/28/2024, 9:45:52 AM",27939,64.99,94.99
"9/28/2024, 3:46:23 PM",26265,64.99,94.99
"9/28/2024, 9:47:15 PM",28014,64.99,94.99
"9/29/2024, 3:48:05 AM",27223,64.99,94.99
"9/29/2024, 9:48:54 AM",27177,64.99,94.99
"9/29/2024, 3:49:28 PM",25674,64.99,94.99
"9/29/2024, 9:50:20 PM",28336,64.99,94.99
"9/30/2024, 3:51:05 AM",32033,64.99,94.99
"9/30/2024, 9:51:45 AM",31363,64.99,94.99
"9/30/2024, 3:52:25 PM",27965,64.99,94.99
"9/30/2024, 10:14:13 PM",29935,64.99,94.99
"10/1/2024, 4:41:45 AM",31349,64.99,94.99
"10/1/2024, 10:50:39 AM",47634,64.99,94.99
"10/1/2024, 4:51:21 PM",49483,64.99,94.99
"10/1/2024, 10:52:13 PM",45514,64.99,94.99
"10/2/2024, 4:54:51 AM",52425,64.99,94.99
"10/2/2024, 10:56:50 AM",40565,64.99,94.99
"10/2/2024, 4:57:29 PM",42727,64.99,94.99
"10/2/2024, 10:58:24 PM",44107,64.99,94.99
"10/3/2024, 5:04:34 AM",30583,64.99,94.99
"10/3/2024, 11:05:44 AM",28093,64.99,94.99
"10/3/2024, 5:06:20 PM",32397,64.99,94.99
"10/3/2024, 11:07:04 PM",33703,64.99,94.99
"10/4/2024, 5:07:50 AM",33831,64.99,94.99
"10/4/2024, 11:08:35 AM",33729,64.99,94.99
"10/4/2024, 5:09:22 PM",32738,64.99,94.99
"10/4/2024, 11:10:07 PM",33154,64.99,94.99
"10/5/2024, 5:11:04 AM",28309,64.99,94.99
"10/5/2024, 11:11:41 AM",29383,64.99,94.99
"10/5/2024, 5:12:24 PM",30140,64.99,94.99
"10/5/2024, 11:13:10 PM",29574,64.99,94.99
"10/6/2024, 5:13:54 AM",29047,64.99,94.99
"10/6/2024, 11:14:35 AM",21563,64.99,94.99
"10/6/2024, 5:15:21 PM",24892,64.99,94.99
"10/6/2024, 11:16:08 PM",27396,64.99,94.99
"10/7/2024, 5:16:52 AM",25117,64.99,94.99
"10/7/2024, 11:17:33 AM",24664,64.99,94.99
"10/7/2024, 5:18:21 PM",23496,64.99,94.99
"10/7/2024, 11:19:05 PM",24941,64.99,94.99
"10/8/2024, 5:20:17 AM",25114,64.99,94.99
"10/8/2024, 11:21:03 AM",26431,64.99,94.99
"10/8/2024, 5:21:38 PM",19007,64.99,94.99
"10/8/2024, 9:22:28 PM",15268,64.99,94.99
"10/9/2024, 1:23:15 AM",11560,64.99,94.99
"10/9/2024, 5:24:05 AM",11102,64.99,94.99
"10/9/2024, 9:24:53 AM",11706,64.99,94.99
"10/9/2024, 1:25:25 PM",10436,64.99,94.99
"10/9/2024, 5:27:16 PM",10082,64.99,94.99
"10/9/2024, 9:28:05 PM",10980,64.99,94.99
"10/10/2024, 1:29:40 AM",12098,64.99,94.99
"10/10/2024, 5:30:53 AM",12129,64.99,94.99
"10/10/2024, 9:31:57 AM",12420,64.99,94.99
"10/10/2024, 1:32:29 PM",9297,64.99,94.99
"10/10/2024, 5:33:10 PM",9143,64.99,94.99
"10/10/2024, 9:42:36 PM",10186,64.99,94.99
"10/11/2024, 2:01:51 AM",11830,64.99,94.99
"10/11/2024, 6:02:23 AM",12207,64.99,94.99
"10/11/2024, 10:03:05 AM",13225,64.99,94.99
"10/11/2024, 2:03:23 PM",14458,64.99,94.99
"10/11/2024, 6:04:06 PM",14737,64.99,94.99
"10/12/2024, 2:05:20 AM",18276,64.99,94.99
"10/12/2024, 6:06:05 AM",19455,64.99,94.99
"10/12/2024, 10:06:22 AM",21746,64.99,94.99
"10/12/2024, 4:07:08 PM",22783,64.99,94.99
"10/12/2024, 10:07:23 PM",23032,64.99,94.99
"10/13/2024, 4:08:07 AM",26210,64.99,94.99
"10/13/2024, 10:08:23 AM",27291,64.99,94.99
"10/13/2024, 4:09:07 PM",28739,64.99,94.99
"10/13/2024, 10:09:33 PM",29602,64.99,94.99
"10/14/2024, 4:10:23 AM",27342,64.99,94.99
"10/14/2024, 10:11:04 AM",19599,64.99,94.99
"10/14/2024, 2:11:21 PM",17628,64.99,94.99
"10/14/2024, 6:12:06 PM",17214,64.99,94.99
"10/14/2024, 10:12:27 PM",17435,64.99,94.99
"10/15/2024, 2:13:21 AM",12083,64.99,94.99
"10/15/2024, 6:14:05 AM",9432,64.99,94.99
"10/15/2024, 10:14:40 AM",9954,64.99,94.99
"10/15/2024, 2:15:21 PM",9240,64.99,94.99
"10/15/2024, 6:16:05 PM",9167,64.99,94.99
"10/15/2024, 10:16:25 PM",9440,64.99,94.99
"10/16/2024, 2:17:11 AM",9223,64.99,94.99
"10/16/2024, 6:17:51 AM",10541,64.99,94.99
"10/16/2024, 10:18:38 AM",11973,64.99,94.99
"10/16/2024, 2:19:23 PM",12255,64.99,94.99
"10/16/2024, 6:20:07 PM",12208,64.99,94.99
"10/16/2024, 10:20:43 PM",13208,64.99,94.99
"10/17/2024, 2:21:26 AM",14507,64.99,94.99
"10/17/2024, 6:22:12 AM",15484,64.99,94.99
"10/17/2024, 2:23:25 PM",14612,64.99,94.99
"10/17/2024, 6:24:07 PM",15291,64.99,94.99
"10/17/2024, 10:24:25 PM",16143,64.99,94.99
"10/18/2024, 2:25:17 AM",15457,64.99,94.99
"10/18/2024, 6:26:04 AM",15194,64.99,94.99
"10/18/2024, 10:26:38 AM",16522,64.99,94.99
"10/18/2024, 2:27:19 PM",14679,64.99,94.99
"10/18/2024, 6:28:04 PM",14748,64.99,94.99
"10/18/2024, 10:28:37 PM",14826,64.99,94.99
"10/19/2024, 2:29:23 AM",14587,64.99,94.99
"10/19/2024, 6:30:08 AM",15344,64.99,94.99
"10/19/2024, 10:30:39 AM",16068,64.99,94.99
"10/19/2024, 2:31:20 PM",15967,64.99,94.99
"10/19/2024, 6:32:05 PM",16335,64.99,94.99
"10/19/2024, 10:32:48 PM",16282,64.99,94.99
"10/20/2024, 2:33:48 AM",16086,64.99,94.99
"10/20/2024, 6:34:38 AM",14019,64.99,94.99
"10/20/2024, 10:35:24 AM",13821,64.99,94.99
"10/20/2024, 2:36:05 PM",15206,64.99,94.99
"10/20/2024, 6:36:36 PM",16522,64.99,94.99
"10/20/2024, 10:37:27 PM",16993,64.99,94.99
"10/21/2024, 2:38:19 AM",18568,64.99,94.99
"10/21/2024, 6:39:05 AM",18961,64.99,94.99
"10/21/2024, 10:39:46 AM",15091,64.99,94.99
"10/21/2024, 2:40:28 PM",13272,64.99,94.99
"10/21/2024, 10:42:12 PM",14514,64.99,94.99
"10/22/2024, 2:42:56 AM",15794,64.99,94.99
"10/22/2024, 6:43:36 AM",17412,64.99,94.99
"10/22/2024, 10:44:20 AM",16521,64.99,94.99
"10/22/2024, 2:45:05 PM",13462,64.99,94.99
"10/22/2024, 6:45:22 PM",14165,64.99,94.99
"10/22/2024, 10:46:05 PM",15866,64.99,94.99
"10/23/2024, 2:46:44 AM",16459,64.99,94.99
"10/23/2024, 6:47:35 AM",17639,64.99,94.99
"10/23/2024, 10:48:21 AM",18503,64.99,94.99
"10/23/2024, 2:49:05 PM",17871,64.99,94.99
"10/23/2024, 6:49:35 PM",17988,64.99,94.99
"10/23/2024, 10:50:22 PM",18917,64.99,94.99
"10/24/2024, 2:51:08 AM",18515,64.99,94.99
"10/24/2024, 6:51:35 AM",19885,64.99,94.99
"10/24/2024, 10:52:20 AM",18561,64.99,94.99
"10/24/2024, 2:53:07 PM",19074,64.99,94.99
"10/24/2024, 6:53:34 PM",20105,64.99,94.99
"10/25/2024, 12:54:20 AM",21826,64.99,94.99
"10/25/2024, 6:55:05 AM",19075,64.99,94.99
"10/25/2024, 10:55:37 AM",18452,64.99,94.99
"10/25/2024, 2:56:22 PM",17787,64.99,94.99
"10/25/2024, 6:57:05 PM",18271,64.99,94.99
"10/25/2024, 10:57:33 PM",19523,64.99,94.99
"10/26/2024, 2:58:20 AM",20466,64.99,94.99
"10/26/2024, 8:59:05 AM",20185,64.99,94.99
"10/26/2024, 2:59:19 PM",19867,64.99,94.99
"10/26/2024, 7:00:07 PM",19283,64.99,94.99
"10/26/2024, 11:00:40 PM",18677,64.99,94.99
"10/27/2024, 7:02:21 AM",20024,64.99,94.99
"10/27/2024, 1:03:05 PM",16020,64.99,94.99
"10/27/2024, 5:03:39 PM",17166,64.99,94.99
"10/27/2024, 9:04:22 PM",18137,64.99,94.99
"10/28/2024, 1:05:08 AM",18922,64.99,94.99
"10/28/2024, 5:05:54 AM",20312,64.99,94.99
"10/28/2024, 11:06:37 AM",15900,64.99,94.99
"10/28/2024, 7:08:04 PM",16563,64.99,94.99
"10/28/2024, 11:08:41 PM",15806,64.99,94.99
"10/29/2024, 3:09:30 AM",19217,64.99,94.99
"10/29/2024, 7:10:24 AM",19868,64.99,94.99
"10/29/2024, 11:11:10 AM",21240,64.99,94.99
"10/29/2024, 5:11:37 PM",21040,64.99,94.99
"10/29/2024, 11:12:28 PM",23016,64.99,94.99
"10/30/2024, 5:13:18 AM",23594,64.99,94.99
"10/30/2024, 11:14:03 AM",26323,64.99,94.99
"10/30/2024, 5:14:33 PM",25384,64.99,94.99
"10/30/2024, 11:15:21 PM",25481,64.99,94.99
"10/31/2024, 5:16:05 AM",22816,64.99,94.99
"10/31/2024, 11:16:48 AM",16642,64.99,94.99
"10/31/2024, 3:17:21 PM",16434,64.99,94.99
"10/31/2024, 7:18:06 PM",17010,64.99,94.99
"10/31/2024, 11:18:45 PM",15975,64.99,94.99
"11/1/2024, 3:19:38 AM",16380,64.99,94.99
"11/1/2024, 7:20:22 AM",14504,64.99,94.99
"11/1/2024, 3:21:37 PM",14407,64.99,94.99
"11/1/2024, 7:22:20 PM",15102,64.99,94.99
"11/1/2024, 11:23:05 PM",17744,64.99,94.99
"11/2/2024, 3:23:44 AM",20223,65.5,94.99
"11/2/2024, 9:24:33 AM",18682,65.5,94.99
"11/2/2024, 1:25:11 PM",18976,65.5,94.99
"11/2/2024, 5:25:39 PM",20205,65.5,94.99
"11/2/2024, 11:26:31 PM",23084,65.49,94.99
"11/3/2024, 5:27:20 AM",20246,65.49,94.99
"11/3/2024, 11:28:06 AM",17477,65.49,94.99
"11/3/2024, 3:28:34 PM",17837,65.49,94.99
"11/3/2024, 7:29:21 PM",18380,65.49,94.99
"11/3/2024, 11:30:08 PM",19749,65.49,94.99
"11/4/2024, 3:30:48 AM",18738,65.49,94.99
"11/4/2024, 7:31:34 AM",16966,65.49,94.99
"11/4/2024, 11:32:23 AM",14281,65.49,94.99
"11/4/2024, 3:33:06 PM",15049,65.49,94.99
"11/5/2024, 7:34:20 PM",16298,65.49,94.99
"11/5/2024, 11:35:05 PM",18257,65.49,94.99
"11/6/2024, 3:35:40 AM",21615,65.49,94.99
"11/6/2024, 9:36:35 AM",22762,65.49,94.99
"11/6/2024, 3:38:51 PM",22193,65.49,94.99
"11/6/2024, 9:39:24 PM",22308,65.49,94.99
"11/7/2024, 3:40:17 AM",24601,65.49,94.99
"11/7/2024, 9:41:03 AM",26333,65.49,94.99
"11/7/2024, 3:41:38 PM",23246,65.49,94.99
"11/7/2024, 9:47:34 PM",23514,65.49,94.99
"11/8/2024, 3:49:10 AM",30770,65.49,94.99
"11/8/2024, 9:49:37 AM",27434,65.49,94.99
"11/8/2024, 3:50:11 PM",31511,65.49,94.99
"11/8/2024, 9:50:33 PM",31405,65.49,94.99
"11/9/2024, 3:51:21 AM",32052,65.49,94.99
"11/9/2024, 9:52:06 AM",23226,65.49,94.99
"11/9/2024, 3:52:21 PM",19907,65.49,94.99
"11/9/2024, 7:53:08 PM",18732,65.49,94.99
"11/9/2024, 11:53:49 PM",17593,58.94,94.99
"11/10/2024, 3:54:35 AM",16167,58.94,94.99
"11/10/2024, 7:55:23 AM",12535,58.94,94.99
"11/10/2024, 11:56:07 AM",13551,58.94,94.99
"11/10/2024, 3:56:35 PM",14310,58.94,94.99
"11/10/2024, 7:57:21 PM",15443,58.94,94.99
"11/10/2024, 11:58:14 PM",14951,58.94,94.99
"11/11/2024, 3:59:03 AM",12325,58.94,94.99
"11/11/2024, 7:59:34 AM",12452,59.4,94.99
"11/11/2024, 12:00:28 PM",11470,59.4,94.99
"11/11/2024, 4:01:18 PM",11363,59.86,94.99
"11/11/2024, 8:02:03 PM",11809,65.49,94.99
"11/12/2024, 12:02:38 AM",13249,65.49,94.99
"11/12/2024, 4:03:32 AM",14478,65.49,94.99
"11/12/2024, 8:04:20 AM",14027,65.49,94.99
"11/13/2024, 12:07:38 PM",24621,64.48,94.99
"11/13/2024, 6:22:53 PM",22830,64.48,94.99
"11/14/2024, 12:23:43 AM",23492,64.48,94.99
"11/14/2024, 6:32:25 AM",27376,64.48,94.99
"11/14/2024, 12:33:11 PM",25014,64.48,94.99
"11/14/2024, 6:33:49 PM",24052,64.48,94.99
"11/15/2024, 12:34:31 AM",27555,64.48,94.99
"11/15/2024, 6:36:00 AM",31730,64.48,94.99
"11/15/2024, 12:36:50 PM",33385,64.48,94.99
"11/15/2024, 6:37:31 PM",34253,64.48,94.99
"11/16/2024, 12:38:12 AM",34926,64.48,94.99
"11/16/2024, 6:39:10 AM",33388,64.48,94.99
"11/16/2024, 12:39:57 PM",34940,64.48,94.99
"11/16/2024, 6:40:39 PM",36565,64.48,94.99
"11/17/2024, 12:41:19 AM",38858,64.48,94.99
"11/17/2024, 6:42:07 AM",39906,64.48,94.99
"11/17/2024, 12:47:38 PM",48800,64.48,94.99
"11/17/2024, 6:48:23 PM",46858,64.48,94.99
"11/18/2024, 12:49:05 AM",44501,64.48,94.99
"11/18/2024, 6:49:49 AM",42656,64.48,94.99
"11/18/2024, 12:50:25 PM",39993,64.48,94.99
"11/18/2024, 6:51:08 PM",38475,64.48,94.99
"11/19/2024, 12:51:51 AM",43863,64.48,94.99
"11/19/2024, 6:52:49 AM",46055,64.48,94.99
"11/19/2024, 12:55:28 PM",43359,64.48,94.99
"11/19/2024, 6:56:13 PM",39551,64.48,94.99
"11/20/2024, 12:57:34 AM",45281,64.48,94.99
"11/20/2024, 6:58:40 AM",43340,64.48,94.99
"11/20/2024, 12:59:29 PM",47545,64.48,94.99
"11/20/2024, 7:00:20 PM",47025,64.48,94.99
"11/21/2024, 1:01:10 AM",50056,64.48,94.99
"11/21/2024, 7:02:15 AM",55011,64.48,94.99
"11/21/2024, 1:03:05 PM",65919,64.48,94.99
"11/21/2024, 7:03:39 PM",65966,64.48,94.99
"11/22/2024, 1:41:00 AM",54322,64.48,94.99
"11/22/2024, 7:42:10 AM",54010,64.48,94.99
"11/22/2024, 1:42:33 PM",48154,64.48,94.99
"11/22/2024, 7:43:19 PM",48196,64.48,94.99
"11/23/2024, 1:55:32 AM",50402,64.48,94.99
"11/23/2024, 7:56:20 AM",50307,64.48,94.99
"11/23/2024, 1:57:06 PM",54034,64.48,94.99
"11/23/2024, 7:57:39 PM",55035,64.48,94.99
"11/24/2024, 1:58:21 AM",56005,64.48,94.99
"11/24/2024, 7:59:34 AM",61957,64.48,94.99
"11/24/2024, 2:00:21 PM",65512,64.48,94.99
"11/24/2024, 8:01:05 PM",66168,64.48,94.99
"11/25/2024, 2:01:35 AM",69998,64.48,94.99
"11/25/2024, 8:02:25 AM",70180,64.48,94.99
"11/25/2024, 2:03:07 PM",68972,64.48,94.99
"11/25/2024, 8:03:47 PM",61748,64.48,94.99
"11/26/2024, 2:08:32 AM",58090,64.48,94.99
"11/26/2024, 8:09:26 AM",42871,64.47,94.99
"11/26/2024, 2:10:06 PM",43783,64.47,94.99
"11/26/2024, 8:10:46 PM",45191,64.47,94.99
"11/27/2024, 2:11:24 AM",54819,60.45,94.99
"11/27/2024, 8:12:10 AM",53682,60.45,94.99
"11/27/2024, 2:12:34 PM",59703,60.45,94.99
"11/27/2024, 8:13:21 PM",55525,60.45,94.99
"11/28/2024, 2:14:06 AM",58745,60.45,94.99
"11/28/2024, 8:14:47 AM",70696,60.45,94.99
"11/28/2024, 2:15:23 PM",69439,60.45,94.99
"11/28/2024, 8:16:06 PM",62773,60.45,94.99
"11/29/2024, 2:16:24 AM",61390,60.45,94.99
"11/29/2024, 8:17:07 AM",51853,60.45,94.99
"11/29/2024, 2:17:25 PM",52841,60.45,94.99
"11/29/2024, 8:18:18 PM",53185,60.45,94.99
"11/30/2024, 2:19:04 AM",53489,60.45,94.99
"11/30/2024, 8:19:40 AM",59671,60.45,94.99
"11/30/2024, 2:20:24 PM",57624,60.45,94.99
"11/30/2024, 8:21:07 PM",60581,60.45,94.99
"12/1/2024, 2:21:35 AM",64128,60.45,94.99
"12/1/2024, 8:22:24 AM",61303,60.45,94.99
"12/1/2024, 2:23:07 PM",49661,60.45,94.99
"12/1/2024, 8:23:43 PM",53001,60.45,94.99
"12/2/2024, 2:24:20 AM",53046,60.45,94.99
"12/2/2024, 8:25:32 AM",55498,60.44,94.99
"12/2/2024, 2:26:08 PM",20745,60.44,94.99
"12/2/2024, 8:26:39 PM",22410,60.44,94.99
"12/3/2024, 2:27:12 AM",24213,60.44,94.99
"12/3/2024, 8:29:16 AM",28142,60.43,94.99
"12/3/2024, 2:30:05 PM",30672,60.43,94.99
"12/3/2024, 8:30:42 PM",31462,60.43,94.99
"12/4/2024, 2:31:20 AM",30959,60.43,94.99
"12/4/2024, 8:32:17 AM",30887,60.43,94.99
"12/4/2024, 2:33:05 PM",35238,60.43,94.99
"12/4/2024, 8:33:40 PM",33148,60.43,94.99
"12/5/2024, 2:34:35 AM",38816,60.43,94.99
"12/5/2024, 8:35:24 AM",38803,60.43,94.99
"12/5/2024, 2:36:07 PM",42456,59.99,94.99
"12/5/2024, 8:36:34 PM",41016,59.99,94.99
"12/6/2024, 2:51:58 AM",34457,59.99,94.99
"12/6/2024, 8:52:43 AM",28592,59.99,94.99
"12/6/2024, 2:53:17 PM",20403,59.99,94.99
"12/6/2024, 8:54:04 PM",20038,59.99,94.99
"12/7/2024, 2:54:21 AM",22191,59.99,94.99
"12/7/2024, 8:55:06 AM",21491,59.99,94.99
"12/7/2024, 2:55:21 PM",22657,59.99,94.99
"12/7/2024, 8:56:07 PM",21600,59.99,94.99
"12/8/2024, 2:56:23 AM",21947,59.99,94.99
"12/8/2024, 8:57:17 AM",22446,59.99,94.99
"12/8/2024, 2:58:03 PM",25870,59.99,94.99
"12/8/2024, 8:58:40 PM",29288,59.99,94.99
"12/9/2024, 2:59:06 AM",28044,59.99,94.99
"12/9/2024, 8:59:52 AM",22678,59.99,94.99
"12/9/2024, 3:00:10 PM",23594,59.99,94.99
"12/9/2024, 9:00:49 PM",23908,59.99,94.99
"12/10/2024, 3:01:19 AM",16181,59.99,94.99
"12/10/2024, 7:02:06 AM",15748,59.99,94.99
"12/10/2024, 11:02:33 AM",14437,59.99,94.99
"12/10/2024, 3:03:21 PM",14527,59.99,94.99
"12/10/2024, 7:04:05 PM",15155,59.99,94.99
"12/10/2024, 11:04:22 PM",13901,59.99,94.99
"12/11/2024, 3:05:11 AM",12552,59.99,94.99
"12/11/2024, 7:06:08 AM",11771,59.99,94.99
"12/11/2024, 11:06:32 AM",10021,59.99,94.99
"12/11/2024, 3:07:19 PM",10383,59.99,94.99
"12/11/2024, 7:08:06 PM",10254,59.99,94.99
"12/11/2024, 11:08:21 PM",10530,59.99,94.99
"12/12/2024, 3:09:06 AM",9040,59.99,94.99
"12/12/2024, 7:09:34 AM",8555,59.99,94.99
"12/12/2024, 11:10:20 AM",8214,59.99,94.99
"12/12/2024, 3:11:05 PM",8653,59.99,94.99
"12/12/2024, 7:11:35 PM",9040,59.99,94.99
"12/12/2024, 11:12:20 PM",7712,59.99,94.99
"12/13/2024, 3:13:05 AM",8592,59.99,94.99
"12/13/2024, 7:13:52 AM",8405,59.99,94.99
"12/13/2024, 11:14:19 AM",8255,59.99,94.99
"12/13/2024, 3:15:05 PM",9218,59.99,94.99
"12/13/2024, 7:15:38 PM",9224,59.99,94.99
"12/13/2024, 11:16:18 PM",8895,59.99,94.99
"12/14/2024, 3:17:07 AM",8996,59.99,94.99
"12/14/2024, 7:17:36 AM",8959,59.99,94.99
"12/14/2024, 11:18:09 AM",8680,59.99,94.99
"12/14/2024, 3:18:37 PM",9030,59.99,94.99
"12/14/2024, 7:19:25 PM",9026,59.99,94.99
"12/14/2024, 11:20:20 PM",8698,59.99,94.99
"12/15/2024, 3:21:05 AM",7620,59.99,94.99
"12/15/2024, 7:21:21 AM",7647,59.99,94.99
"12/15/2024, 11:22:06 AM",7730,59.99,94.99
"12/15/2024, 3:22:39 PM",7727,59.99,94.99
"12/15/2024, 7:23:31 PM",8175,59.99,94.99
"12/15/2024, 11:24:18 PM",8276,59.99,94.99
"12/16/2024, 3:25:04 AM",7883,59.99,94.99
"12/16/2024, 7:25:38 AM",8580,59.99,94.99
"12/16/2024, 11:26:21 AM",8649,59.99,94.99
"12/16/2024, 3:27:07 PM",8010,59.99,94.99
"12/16/2024, 7:27:25 PM",8287,59.99,94.99
"12/16/2024, 11:28:08 PM",9322,59.99,94.99
"12/17/2024, 3:28:48 AM",8010,59.99,94.99
"12/17/2024, 7:29:35 AM",8552,59.99,94.99
"12/17/2024, 11:30:21 AM",8525,59.99,94.99
"12/17/2024, 3:31:04 PM",8447,59.99,94.99
"12/17/2024, 7:31:21 PM",8540,59.99,94.99
"12/17/2024, 11:32:05 PM",7919,59.99,94.99
"12/18/2024, 3:32:48 AM",7842,59.99,94.99
"12/18/2024, 7:33:34 AM",7386,59.99,94.99
"12/18/2024, 11:34:07 AM",7221,59.99,94.99
"12/18/2024, 3:34:35 PM",7352,59.99,94.99
"12/18/2024, 7:35:11 PM",7549,59.99,94.99
"12/18/2024, 11:36:03 PM",7813,59.99,94.99
"12/19/2024, 3:36:32 AM",6956,59.99,94.99
"12/19/2024, 7:37:18 AM",6944,59.99,94.99
"12/19/2024, 11:38:05 AM",7057,59.99,94.99
"12/19/2024, 3:38:45 PM",6686,59.99,94.99
"12/19/2024, 7:39:36 PM",7470,59.99,94.99
"12/19/2024, 11:40:09 PM",7144,59.99,94.99
"12/20/2024, 3:40:47 AM",6222,59.99,94.99
"12/20/2024, 7:41:19 AM",7049,59.99,94.99
"12/20/2024, 11:42:06 AM",7933,59.99,94.99
"12/20/2024, 3:42:39 PM",8447,59.99,94.99
"12/20/2024, 7:43:20 PM",8763,59.99,94.99
"12/20/2024, 11:44:04 PM",9243,59.99,94.99
"12/21/2024, 3:44:33 AM",9429,59.99,94.99
"12/21/2024, 7:45:22 AM",10445,59.99,94.99
"12/21/2024, 11:46:10 AM",11170,59.99,94.99
"12/21/2024, 3:46:33 PM",11211,59.99,94.99
"12/21/2024, 7:47:10 PM",11115,59.99,94.99
"12/21/2024, 11:47:50 PM",11717,59.99,94.99
"12/22/2024, 3:48:36 AM",12554,59.99,94.99
"12/22/2024, 7:49:31 AM",12540,59.99,94.99
"12/22/2024, 11:50:30 AM",11911,59.99,94.99
"12/22/2024, 3:51:06 PM",11164,59.99,94.99
"12/22/2024, 7:51:25 PM",11667,59.99,94.99
"12/22/2024, 11:52:10 PM",12473,59.99,94.99
"12/23/2024, 3:52:52 AM",12839,59.99,94.99
"12/23/2024, 7:53:34 AM",12702,59.99,94.99
"12/23/2024, 11:54:21 AM",12561,59.99,94.99
"12/23/2024, 3:55:08 PM",13343,59.99,94.99
"12/23/2024, 7:55:30 PM",13202,59.99,94.99
"12/23/2024, 11:56:20 PM",13621,59.99,94.99
"12/24/2024, 3:57:05 AM",14075,59.99,94.99
"12/24/2024, 7:57:48 AM",14647,59.99,94.99
"12/24/2024, 11:58:20 AM",13168,59.99,94.99
"12/24/2024, 3:59:04 PM",12905,59.99,94.99
"12/24/2024, 7:59:32 PM",12630,59.99,94.99
"12/25/2024, 12:00:20 AM",13390,59.99,94.99
"12/25/2024, 4:01:05 AM",14122,59.99,94.99
"12/25/2024, 8:01:41 AM",10785,59.99,94.99
"12/25/2024, 12:02:17 PM",10640,59.99,94.99
"12/25/2024, 4:03:04 PM",9344,59.99,94.99
"12/25/2024, 8:03:22 PM",9406,59.99,94.99
"12/26/2024, 12:04:05 AM",9941,59.99,94.99
"12/26/2024, 4:04:47 AM",8479,59.99,94.99
"12/26/2024, 8:05:33 AM",8526,59.99,94.99
"12/26/2024, 12:06:17 PM",8161,59.99,94.99
"12/26/2024, 4:07:04 PM",8008,59.99,94.99
"12/26/2024, 8:07:35 PM",8497,59.99,94.99
"12/27/2024, 12:08:24 AM",8397,59.99,94.99
"12/27/2024, 4:09:13 AM",7810,59.99,94.99
"12/27/2024, 8:10:04 AM",7426,59.99,94.99
"12/27/2024, 12:10:23 PM",7332,59.99,94.99
"12/27/2024, 4:11:06 PM",7234,59.99,94.99
"12/27/2024, 8:11:47 PM",8049,59.99,94.99
"12/28/2024, 12:12:32 AM",8034,59.99,94.99
"12/28/2024, 4:13:20 AM",9696,59.99,94.99
"12/28/2024, 8:14:05 AM",10833,59.99,94.99
"12/28/2024, 12:14:34 PM",12011,59.99,94.99
"12/28/2024, 4:15:20 PM",12292,59.99,94.99
"12/28/2024, 8:16:04 PM",12113,59.99,94.99
"12/29/2024, 12:16:22 AM",11638,59.99,94.99
"12/29/2024, 4:17:12 AM",13826,59.99,94.99
"12/29/2024, 8:17:50 AM",15127,59.99,94.99
"12/29/2024, 12:18:33 PM",14828,59.99,94.99
"12/29/2024, 4:19:19 PM",15117,59.99,94.99
"12/29/2024, 8:20:07 PM",15759,59.99,94.99
"12/30/2024, 12:20:36 AM",17193,59.99,94.99
"12/30/2024, 4:21:29 AM",18207,59.99,94.99
"12/30/2024, 8:22:18 AM",17487,59.99,94.99
"12/30/2024, 12:23:04 PM",17554,59.99,94.99
"12/30/2024, 4:23:32 PM",17353,59.99,94.99
"12/30/2024, 8:24:23 PM",17971,59.99,94.99
"12/31/2024, 12:25:12 AM",18920,59.99,94.99
"12/31/2024, 4:26:00 AM",14914,59.99,94.99
"12/31/2024, 8:26:41 AM",12690,59.99,94.99
"12/31/2024, 12:27:21 PM",12378,59.99,94.99
"12/31/2024, 4:28:04 PM",13033,59.99,94.99
"12/31/2024, 8:28:36 PM",13342,59.99,94.99
"1/1/2025, 12:29:09 AM",12490,59.99,94.99
"1/1/2025, 4:29:53 AM",12410,59.99,94.99
"1/1/2025, 8:30:48 AM",12494,59.99,94.99
"1/1/2025, 12:31:19 PM",12681,59.99,94.99
"1/1/2025, 4:32:05 PM",12850,59.99,94.99
"1/1/2025, 8:32:43 PM",13616,59.99,94.99
"1/2/2025, 12:33:21 AM",14809,59.99,94.99
"1/2/2025, 4:34:14 AM",15946,59.99,94.99
"1/2/2025, 8:35:04 AM",14554,59.99,94.99
"1/2/2025, 12:35:34 PM",13419,59.99,94.99
"1/2/2025, 4:36:20 PM",13400,59.99,94.99
"1/2/2025, 8:37:05 PM",14191,59.99,94.99
"1/3/2025, 12:37:37 AM",14782,59.99,94.99
"1/3/2025, 4:38:36 AM",12800,59.99,94.99
"1/3/2025, 8:39:30 AM",11685,59.99,94.99
"1/3/2025, 12:40:12 PM",10498,59.99,94.99
"1/3/2025, 4:40:47 PM",9892,59.99,94.99
"1/3/2025, 8:41:26 PM",11090,59.99,94.99
"1/4/2025, 12:42:10 AM",11848,59.99,94.99
"1/4/2025, 4:42:53 AM",13497,59.99,94.99
"1/4/2025, 8:43:46 AM",14318,59.99,94.99
"1/4/2025, 12:44:28 PM",14977,59.99,94.99
"1/4/2025, 8:45:47 PM",14819,59.99,94.99
"1/5/2025, 12:46:20 AM",16336,59.99,94.99
"1/5/2025, 4:47:06 AM",16295,59.99,94.99
"1/5/2025, 8:47:48 AM",14643,59.99,94.99
"1/5/2025, 12:48:21 PM",14370,59.99,94.99
"1/5/2025, 4:49:05 PM",15139,59.99,94.99
"1/5/2025, 8:49:46 PM",15493,59.99,94.99
"1/6/2025, 12:50:32 AM",17691,59.99,94.99
"1/6/2025, 4:51:25 AM",17799,59.99,94.99
"1/6/2025, 8:52:14 AM",16402,59.99,94.99
"1/6/2025, 12:53:03 PM",16409,59.99,94.99
"1/6/2025, 4:53:21 PM",14404,59.99,94.99
"1/6/2025, 8:54:08 PM",12915,59.99,94.99
"1/7/2025, 12:54:22 AM",10183,59.99,94.99
"1/7/2025, 4:55:17 AM",10315,59.99,94.99
"1/7/2025, 8:56:06 AM",9702,59.99,94.99
"1/7/2025, 12:56:38 PM",9906,59.99,94.99
"1/7/2025, 4:57:20 PM",9307,59.99,94.99
"1/7/2025, 8:58:06 PM",9630,59.99,94.99
"1/8/2025, 12:58:33 AM",9094,59.99,94.99
"1/8/2025, 4:59:20 AM",8618,59.99,94.99
"1/8/2025, 9:00:08 AM",8204,59.99,94.99
"1/8/2025, 1:00:39 PM",8264,59.99,94.99
"1/8/2025, 5:01:21 PM",8120,59.99,94.99
"1/8/2025, 9:02:07 PM",8448,59.99,94.99
"1/9/2025, 1:02:45 AM",8162,59.99,94.99
"1/9/2025, 5:03:35 AM",7719,59.99,94.99
"1/9/2025, 9:04:28 AM",7688,59.99,94.99
"1/9/2025, 1:05:20 PM",6907,59.99,94.99
"1/9/2025, 5:06:05 PM",7102,59.99,94.99
"1/9/2025, 9:06:37 PM",7385,59.99,94.99
"1/10/2025, 1:07:24 AM",7309,59.99,94.99
"1/10/2025, 5:08:20 AM",7414,59.99,94.99
"1/10/2025, 9:09:05 AM",7458,59.99,94.99
"1/10/2025, 1:09:34 PM",7191,59.99,94.99
"1/10/2025, 5:10:21 PM",7094,59.99,94.99
"1/10/2025, 9:11:04 PM",6846,59.99,94.99
"1/11/2025, 1:11:35 AM",6247,59.99,94.99
"1/11/2025, 5:12:45 AM",5583,59.99,94.99
"1/11/2025, 9:13:41 AM",5738,59.99,94.99
"1/11/2025, 1:14:33 PM",5814,59.99,94.99
"1/11/2025, 5:15:10 PM",5660,59.99,94.99
"1/11/2025, 9:15:48 PM",5804,59.99,94.99
"1/12/2025, 1:16:33 AM",5704,59.99,94.99
"1/12/2025, 5:17:19 AM",5544,59.99,94.99
"1/12/2025, 9:18:05 AM",6152,59.99,94.99
"1/12/2025, 1:18:43 PM",6212,59.99,94.99
"1/12/2025, 5:19:18 PM",6603,59.99,94.99
"1/12/2025, 9:20:04 PM",6732,59.99,94.99
"1/13/2025, 1:20:35 AM",6328,59.99,94.99
"1/13/2025, 5:21:37 AM",5789,59.99,94.99
"1/13/2025, 9:22:35 AM",6444,59.99,94.99
"1/13/2025, 1:23:17 PM",6162,59.99,94.99
"1/13/2025, 5:24:06 PM",6082,59.99,94.99
"1/13/2025, 9:24:48 PM",6353,59.99,94.99
"1/14/2025, 1:25:35 AM",6658,59.99,94.99
"1/14/2025, 5:27:26 AM",6374,59.99,94.99
"1/14/2025, 9:28:17 AM",6142,59.99,94.99
"1/14/2025, 1:29:04 PM",5881,59.99,94.99
"1/14/2025, 5:29:22 PM",6072,59.99,94.99
"1/14/2025, 9:30:07 PM",6243,59.99,94.99
"1/15/2025, 1:30:49 AM",6682,59.99,94.99
"1/15/2025, 5:31:50 AM",6814,59.99,94.99
"1/15/2025, 9:32:40 AM",6696,59.99,94.99
"1/15/2025, 1:33:23 PM",6808,59.99,94.99
"1/15/2025, 5:34:10 PM",6799,59.99,94.99
"1/15/2025, 9:34:50 PM",7003,59.99,94.99
"1/16/2025, 1:35:29 AM",7212,59.99,94.99
"1/16/2025, 5:37:27 AM",7344,59.99,94.99
"1/16/2025, 9:38:19 AM",7494,59.99,94.99
"1/16/2025, 1:39:05 PM",7577,59.99,94.99
"1/16/2025, 5:39:23 PM",7870,59.99,94.99
"1/16/2025, 9:40:07 PM",7997,59.99,94.99
"1/17/2025, 1:40:46 AM",8881,59.99,94.99
"1/17/2025, 5:41:33 AM",10058,59.99,94.99
"1/17/2025, 9:42:19 AM",10797,59.99,94.99
"1/17/2025, 1:43:05 PM",9665,59.99,94.99
"1/17/2025, 5:43:26 PM",9263,59.99,94.99
"1/17/2025, 9:44:09 PM",8928,59.99,94.99
"1/18/2025, 1:44:49 AM",9658,59.99,94.99
"1/18/2025, 5:45:47 AM",8561,59.99,94.99
"1/18/2025, 9:46:32 AM",8713,59.99,94.99
"1/18/2025, 1:47:19 PM",9128,59.99,94.99
"1/18/2025, 5:48:06 PM",9076,59.99,94.99
"1/18/2025, 9:48:43 PM",8988,59.99,94.99
"1/19/2025, 1:49:22 AM",9958,59.99,94.99
"1/19/2025, 5:50:15 AM",8576,59.99,94.99
"1/19/2025, 9:51:04 AM",9040,59.99,94.99
"1/19/2025, 1:51:47 PM",9262,59.99,94.99
"1/19/2025, 5:52:19 PM",9453,59.99,94.99
"1/19/2025, 9:53:04 PM",10233,59.99,94.99
"1/20/2025, 1:53:47 AM",9642,59.99,94.99
"1/20/2025, 5:54:41 AM",9762,59.99,94.99
"1/20/2025, 9:55:31 AM",11265,59.99,94.99
"1/20/2025, 1:56:20 PM",10836,59.99,94.99
"1/20/2025, 5:57:05 PM",11106,59.99,94.99
"1/20/2025, 9:57:41 PM",11401,59.99,94.99
"1/22/2025, 1:59:08 AM",11556,59.99,94.99
"1/22/2025, 5:59:58 AM",12250,59.99,94.99
"1/22/2025, 10:00:46 AM",11755,59.99,94.99
"1/22/2025, 2:01:34 PM",12211,59.99,94.99
"1/22/2025, 6:02:11 PM",12276,59.99,94.99
"1/22/2025, 10:02:50 PM",11495,59.99,94.99
"1/23/2025, 2:03:31 AM",12125,59.99,94.99
"1/23/2025, 6:04:27 AM",12796,59.99,94.99
"1/23/2025, 10:05:16 AM",12773,59.99,94.99
"1/23/2025, 2:06:04 PM",12821,59.99,94.99
"1/23/2025, 6:06:22 PM",13279,59.99,94.99
"1/23/2025, 10:07:07 PM",12783,59.99,94.99
"1/24/2025, 2:07:37 AM",13969,59.99,94.99
"1/24/2025, 6:08:31 AM",13491,59.99,94.99
"1/24/2025, 10:09:20 AM",13619,59.99,94.99
"1/24/2025, 2:10:07 PM",14035,59.99,94.99
"1/24/2025, 6:10:26 PM",14336,59.99,94.99
"1/24/2025, 10:11:19 PM",14181,59.99,94.99
"1/25/2025, 2:12:08 AM",14206,59.99,94.99
"1/25/2025, 6:12:50 AM",15197,59.99,94.99
"1/25/2025, 10:13:34 AM",14164,59.99,94.99
"1/25/2025, 2:14:20 PM",15381,59.99,94.99
"1/25/2025, 6:15:06 PM",14638,59.99,94.99
"1/25/2025, 10:15:38 PM",14768,59.99,94.99
"1/26/2025, 2:16:34 AM",16412,59.99,94.99
"1/26/2025, 6:17:30 AM",15186,59.99,94.99
"1/26/2025, 10:18:13 AM",15973,59.99,94.99
"1/26/2025, 2:19:03 PM",15760,59.99,94.99
"1/26/2025, 6:19:22 PM",15277,59.99,94.99
"1/26/2025, 10:20:08 PM",16075,59.99,94.99
"1/27/2025, 2:20:34 AM",18665,59.99,94.99
"1/27/2025, 6:21:29 AM",16674,59.99,94.99
"1/27/2025, 10:22:25 AM",16851,59.99,94.99
"1/27/2025, 2:23:09 PM",17650,59.99,94.99
"1/27/2025, 6:23:36 PM",17757,59.99,94.99
"1/27/2025, 10:24:22 PM",17290,59.99,94.99
"1/28/2025, 2:25:15 AM",20821,59.99,94.99
"1/28/2025, 8:26:03 AM",20427,59.99,94.99
"1/28/2025, 2:26:34 PM",21023,59.99,94.99
"1/28/2025, 8:27:19 PM",20836,59.99,94.99
"1/29/2025, 2:28:04 AM",22654,59.99,94.99
"1/29/2025, 8:28:25 AM",23672,59.99,94.99
"1/29/2025, 2:29:05 PM",25101,59.99,94.99
"1/29/2025, 8:29:24 PM",24732,59.99,94.99
"1/30/2025, 2:30:14 AM",28347,59.99,94.99
"1/30/2025, 8:30:50 AM",25382,59.99,94.99
"1/30/2025, 2:31:20 PM",26497,59.99,94.99
"1/30/2025, 8:32:05 PM",28366,59.99,94.99
"1/31/2025, 2:32:45 AM",29446,59.99,94.99
"1/31/2025, 8:33:39 AM",31158,59.99,94.99
"1/31/2025, 2:34:20 PM",30722,59.99,94.99
"1/31/2025, 8:35:07 PM",27238,59.99,94.99
"2/1/2025, 2:35:43 AM",26205,59.99,94.99
"2/1/2025, 8:36:36 AM",27044,59.99,94.99
"2/1/2025, 2:37:20 PM",28106,59.99,94.99
"2/1/2025, 8:38:06 PM",27231,59.99,94.99
"2/2/2025, 2:38:47 AM",31279,59.99,94.99
"2/2/2025, 8:39:38 AM",30151,59.99,94.99
"2/2/2025, 2:40:21 PM",32041,59.99,94.99
"2/2/2025, 8:41:11 PM",30161,59.99,94.99
"2/3/2025, 2:42:04 AM",32925,59.99,94.99
"2/3/2025, 8:42:44 AM",30418,59.99,94.99
"2/3/2025, 2:43:24 PM",31707,53.99,94.99
"2/3/2025, 8:44:09 PM",29274,53.99,94.99
"2/4/2025, 2:44:46 AM",28256,53.99,94.99
"2/4/2025, 8:45:36 AM",27263,53.99,94.99
"2/4/2025, 2:46:19 PM",24011,53.99,94.99
"2/4/2025, 8:47:06 PM",27031,53.99,94.99
"2/5/2025, 2:47:38 AM",21732,53.99,94.99
"2/5/2025, 8:48:40 AM",20875,53.99,94.99
"2/5/2025, 2:49:21 PM",23519,53.99,94.99
"2/5/2025, 8:50:08 PM",23150,53.99,94.99
"2/6/2025, 2:50:44 AM",21321,53.99,94.99
"2/6/2025, 8:51:42 AM",23573,53.99,94.99
"2/6/2025, 2:52:32 PM",22077,53.99,94.99
"2/6/2025, 8:53:10 PM",22676,53.99,94.99
"2/7/2025, 2:53:56 AM",27340,53.99,94.99
"2/7/2025, 8:54:25 AM",23947,53.99,94.99
"2/7/2025, 2:55:07 PM",25488,53.99,94.99
"2/7/2025, 8:55:32 PM",26441,53.99,94.99
"2/8/2025, 2:56:27 AM",23851,53.99,94.99
"2/8/2025, 8:57:18 AM",19524,53.99,94.99
"2/8/2025, 12:58:03 PM",18893,53.99,94.99
"2/8/2025, 4:58:23 PM",20107,53.99,94.99
"2/8/2025, 10:59:11 PM",22623,53.99,94.99
"2/9/2025, 4:59:50 AM",20601,53.99,94.99
"2/9/2025, 11:00:35 AM",20434,53.99,94.99
"2/9/2025, 5:01:20 PM",21890,53.99,94.99
"2/9/2025, 11:02:04 PM",21342,53.99,94.99
"2/10/2025, 5:02:46 AM",16888,53.99,94.99
"2/10/2025, 9:03:41 AM",17123,53.99,94.99
"2/10/2025, 1:04:21 PM",18989,53.99,94.99
"2/10/2025, 5:05:06 PM",19123,59.99,94.99
"2/10/2025, 9:05:41 PM",20268,59.99,94.99
"2/11/2025, 3:06:28 AM",25151,59.99,94.99
"2/11/2025, 9:07:32 AM",30121,59.99,94.99
"2/11/2025, 3:08:24 PM",25448,59.99,94.99
"2/11/2025, 9:09:21 PM",26098,59.99,94.99
"2/12/2025, 3:10:06 AM",29286,59.99,94.99
"2/12/2025, 9:10:59 AM",29266,59.99,94.99
"2/12/2025, 3:11:30 PM",26479,59.99,94.99
"2/12/2025, 9:12:28 PM",30561,59.99,94.99
"2/13/2025, 3:13:07 AM",32544,59.99,94.99
"2/13/2025, 9:13:59 AM",34312,59.99,94.99
"2/13/2025, 3:14:19 PM",33659,59.99,94.99
"2/13/2025, 9:15:08 PM",31268,59.99,94.99
"2/14/2025, 3:15:25 AM",36265,59.99,94.99
"2/14/2025, 9:16:17 AM",32615,59.99,94.99
"2/14/2025, 3:17:06 PM",28870,59.99,94.99
"2/14/2025, 9:17:41 PM",30185,59.99,94.99
"2/15/2025, 3:18:34 AM",26310,59.99,94.99
"2/15/2025, 9:19:29 AM",27717,59.99,94.99
"2/15/2025, 3:20:15 PM",30504,59.99,94.99
"2/15/2025, 9:20:53 PM",30901,59.99,94.99
"2/16/2025, 3:21:51 AM",32886,59.99,94.99
"2/16/2025, 9:22:36 AM",33454,59.99,94.99
"2/16/2025, 3:23:18 PM",33291,59.99,94.99
"2/16/2025, 9:24:04 PM",34353,59.99,94.99
"2/17/2025, 3:24:20 AM",36988,59.99,94.99
"2/17/2025, 9:25:06 AM",34976,59.99,94.99
"2/17/2025, 3:25:34 PM",30953,59.99,94.99
"2/17/2025, 9:26:23 PM",31483,59.99,94.99
"2/18/2025, 3:27:19 AM",27400,59.99,94.99
"2/18/2025, 9:29:52 AM",26377,59.99,94.99
"2/18/2025, 3:30:38 PM",23900,59.99,94.99
"2/18/2025, 9:33:12 PM",26218,59.99,94.99
"2/19/2025, 3:34:12 PM",25144,59.99,94.99
"2/19/2025, 10:23:18 PM",29848,59.99,94.99
"2/20/2025, 4:24:05 AM",30379,59.99,94.99
"2/20/2025, 10:24:23 AM",31370,59.99,94.99
"2/20/2025, 4:38:36 PM",30055,59.99,94.99
"2/20/2025, 11:10:33 PM",28918,59.99,94.99
"2/21/2025, 5:11:32 AM",35181,59.99,94.99
"2/21/2025, 11:12:10 AM",35969,59.99,94.99
"2/21/2025, 5:22:42 PM",35053,59.99,94.99
"2/21/2025, 11:23:22 PM",40579,59.99,94.99
"2/22/2025, 5:24:19 AM",41376,59.99,94.99
"2/22/2025, 11:25:06 AM",39759,59.99,94.99
"2/22/2025, 5:26:32 PM",40275,59.99,94.99
"2/22/2025, 11:27:07 PM",40014,59.99,94.99
"2/23/2025, 5:27:31 AM",33590,59.99,94.99
"2/23/2025, 11:28:11 AM",36755,59.99,94.99
"2/23/2025, 5:29:55 PM",39548,59.99,94.99
"2/23/2025, 11:30:47 PM",35135,59.99,94.99
"2/24/2025, 5:31:22 AM",28186,59.99,94.99
"2/24/2025, 11:32:07 AM",27003,59.99,94.99
"2/24/2025, 5:34:10 PM",26503,59.99,94.99
"2/25/2025, 12:00:58 AM",27177,59.99,94.99
"2/25/2025, 6:01:34 AM",29724,59.99,94.99
"2/25/2025, 12:03:10 PM",31815,59.99,94.99
"2/25/2025, 6:12:54 PM",35001,59.99,94.99
"2/26/2025, 12:13:54 AM",35019,59.99,94.99
"2/26/2025, 6:14:22 AM",27509,59.99,94.99
"2/26/2025, 12:16:57 PM",32813,59.99,94.99
"2/26/2025, 6:21:00 PM",30979,59.99,94.99
"2/27/2025, 12:21:53 AM",29693,59.99,94.99
"2/27/2025, 6:22:38 AM",31584,59.99,94.99
"2/27/2025, 12:25:02 PM",31754,59.99,94.99
"2/27/2025, 6:27:13 PM",28257,59.99,94.99
"2/28/2025, 12:28:05 AM",30237,59.99,94.99
"2/28/2025, 6:28:35 AM",31065,59.99,94.99
"2/28/2025, 12:29:42 PM",30837,59.99,94.99
"2/28/2025, 6:41:42 PM",36075,59.99,94.99
"3/1/2025, 12:59:01 AM",38029,59.99,94.99
"3/1/2025, 6:59:40 AM",39299,59.99,94.99
"3/1/2025, 1:01:57 PM",40799,59.99,94.99
"3/1/2025, 7:03:09 PM",39483,59.99,94.99
"3/2/2025, 1:03:48 AM",30744,59.99,94.99
"3/2/2025, 7:04:36 AM",32931,59.99,94.99
"3/2/2025, 1:05:38 PM",34752,59.99,94.99
"3/2/2025, 7:06:32 PM",34140,59.99,94.99
"3/3/2025, 1:07:21 AM",30302,59.99,94.99
"3/3/2025, 7:08:06 AM",28844,59.99,94.99
"3/3/2025, 1:08:54 PM",30638,59.99,94.99
"3/3/2025, 7:09:37 PM",34967,59.99,94.99
"3/4/2025, 1:10:24 AM",36659,59.99,94.99
"3/4/2025, 7:11:07 AM",33616,59.99,94.99
"3/4/2025, 1:12:39 PM",35001,59.99,94.99
"3/4/2025, 7:13:36 PM",36166,59.99,94.99
"3/5/2025, 1:14:22 AM",34093,59.99,94.99
"3/5/2025, 7:15:06 AM",38439,59.99,94.99
"3/5/2025, 1:15:43 PM",34036,59.99,94.99
"3/5/2025, 7:16:29 PM",32682,59.99,94.99
"3/6/2025, 1:17:21 AM",31167,59.99,94.99
"3/6/2025, 7:18:06 AM",34894,59.99,94.99
"3/6/2025, 1:18:40 PM",30005,59.99,94.99
"3/6/2025, 7:19:26 PM",30315,59.99,94.99
"3/7/2025, 1:20:19 AM",32683,59.99,94.99
"3/7/2025, 7:21:05 AM",37180,59.99,94.99
"3/7/2025, 1:21:42 PM",33632,59.99,94.99
"3/7/2025, 7:22:24 PM",32740,59.99,94.99
"3/8/2025, 1:23:19 AM",33212,59.99,94.99
"3/8/2025, 7:24:05 AM",34456,59.99,94.99
"3/8/2025, 1:24:44 PM",33894,59.99,94.99
"3/8/2025, 7:25:21 PM",31983,59.99,94.99
"3/9/2025, 1:26:08 AM",31382,59.99,94.99
"3/9/2025, 7:27:04 AM",24868,59.99,94.99
"3/10/2025, 1:29:06 AM",32328,59.99,94.99
"3/10/2025, 7:29:23 AM",27063,59.99,94.99
"3/10/2025, 1:30:09 PM",32349,59.99,94.99
"3/10/2025, 7:30:49 PM",33917,59.99,94.99
"3/11/2025, 1:31:41 AM",33756,59.99,94.99
"3/11/2025, 7:32:21 AM",32996,59.99,94.99
"3/11/2025, 1:33:04 PM",26379,59.99,94.99
"3/11/2025, 7:33:45 PM",27754,59.99,94.99
"3/12/2025, 1:34:34 AM",28693,59.99,94.99
"3/12/2025, 7:35:08 AM",26333,59.99,94.99
"3/12/2025, 1:35:51 PM",27351,59.99,94.99
"3/12/2025, 7:36:32 PM",29052,59.99,94.99
"3/13/2025, 1:37:21 AM",31250,59.99,94.99
"3/13/2025, 7:38:03 AM",34126,59.99,94.99
"3/13/2025, 1:38:45 PM",33756,59.99,94.99
"3/13/2025, 7:39:32 PM",36565,59.99,94.99
"3/14/2025, 1:40:19 AM",38110,59.99,94.99
"3/14/2025, 7:41:04 AM",30515,59.99,94.99
"3/14/2025, 2:58:21 PM",29437,59.99,94.99
"3/14/2025, 9:58:57 PM",32392,59.99,94.99
"3/15/2025, 3:59:41 AM",26153,59.99,94.99
"3/15/2025, 10:00:22 AM",28352,59.99,94.99
"3/15/2025, 4:01:47 PM",28358,59.99,94.99
"3/15/2025, 10:06:59 PM",27540,59.99,94.99
"3/16/2025, 4:07:34 AM",23389,59.99,94.99
"3/16/2025, 10:08:21 AM",25522,59.99,94.99
"3/16/2025, 4:09:06 PM",21438,59.99,94.99
"3/17/2025, 6:40:09 AM",23212,59.99,94.99
"3/17/2025, 12:41:04 PM",23602,59.99,94.99
"3/17/2025, 6:44:14 PM",25907,59.99,94.99
"3/18/2025, 12:45:05 AM",25138,59.99,94.99
"3/18/2025, 7:12:05 AM",25218,59.99,94.99
"3/18/2025, 1:12:40 PM",24337,59.99,94.99
"3/18/2025, 7:13:20 PM",25971,59.99,94.99
"3/19/2025, 1:14:14 AM",27258,59.99,94.99
"3/20/2025, 1:36:17 PM",19542,59.99,94.99
"3/20/2025, 5:37:03 PM",21365,59.99,94.99
"3/20/2025, 11:39:16 PM",21031,59.99,94.99
"3/21/2025, 5:43:01 AM",21398,59.99,94.99
"3/21/2025, 11:53:48 AM",22571,59.99,94.99
"3/21/2025, 5:54:07 PM",22243,59.99,94.99
"3/21/2025, 11:56:00 PM",25701,59.99,94.99
"3/22/2025, 5:56:20 AM",26151,59.99,94.99
"3/22/2025, 11:58:26 AM",26176,59.99,94.99
"3/22/2025, 5:59:07 PM",24193,59.99,94.99
"3/22/2025, 11:59:50 PM",20927,59.99,94.99
"3/23/2025, 6:00:19 AM",22287,59.99,94.99
"3/23/2025, 12:02:00 PM",21665,59.99,94.99
"3/23/2025, 6:02:05 PM",22665,59.99,94.99
"3/24/2025, 12:02:50 AM",21377,59.99,94.99
"3/24/2025, 6:03:18 AM",20542,59.99,94.99
"3/24/2025, 12:04:54 PM",24134,59.99,94.99
"3/24/2025, 6:05:07 PM",25303,59.99,94.99
"3/25/2025, 12:07:34 AM",24601,59.99,94.99
"3/25/2025, 6:08:32 AM",25993,59.99,94.99
"3/25/2025, 12:10:14 PM",23673,59.99,94.99
"3/25/2025, 6:11:23 PM",25835,59.99,94.99
"3/26/2025, 12:15:20 AM",25186,59.99,94.99
"3/26/2025, 6:16:03 AM",25242,59.99,94.99
"3/26/2025, 12:18:53 PM",25823,59.99,94.99
"3/26/2025, 6:19:09 PM",26023,59.99,94.99
"3/27/2025, 12:19:50 AM",26608,59.99,94.99
"3/27/2025, 6:20:20 AM",27613,59.99,94.99
"3/27/2025, 12:21:05 PM",25895,59.99,94.99
"3/27/2025, 6:21:08 PM",26833,59.99,94.99
"3/28/2025, 12:21:43 AM",25898,59.99,94.99
"3/28/2025, 6:22:06 AM",29158,59.99,94.99
"3/28/2025, 12:22:53 PM",30196,59.99,94.99
"3/28/2025, 6:23:19 PM",32183,59.99,94.99
"3/29/2025, 12:24:08 AM",31438,59.99,94.99
"3/29/2025, 6:24:35 AM",29480,59.99,94.99
"3/29/2025, 12:25:32 PM",31236,59.99,94.99
"3/29/2025, 6:26:07 PM",32440,59.99,94.99
"3/30/2025, 12:26:46 AM",32634,59.99,94.99
"3/30/2025, 6:27:17 AM",27902,59.99,94.99
"3/30/2025, 12:28:12 PM",27395,59.99,94.99
"3/30/2025, 6:29:04 PM",28983,59.99,94.99
"3/31/2025, 12:29:45 AM",30764,59.99,94.99
"3/31/2025, 6:30:10 AM",31518,59.99,94.99
"3/31/2025, 1:16:47 PM",33665,59.99,94.99
"3/31/2025, 7:17:08 PM",35652,59.99,94.99
"4/1/2025, 1:17:51 AM",37748,59.99,94.99
"4/1/2025, 7:18:30 AM",28423,59.99,94.99
"4/2/2025, 1:20:19 PM",26444,59.99,94.99
"4/2/2025, 7:21:03 PM",28676,59.99,94.99
"4/3/2025, 1:21:58 AM",27419,59.99,94.99
"4/3/2025, 7:22:19 AM",32950,59.99,94.99
"4/3/2025, 1:23:11 PM",34408,59.99,94.99
"4/3/2025, 7:24:04 PM",34668,59.99,94.99
"4/4/2025, 1:24:47 AM",33796,59.99,94.99
"4/4/2025, 7:25:30 AM",30097,59.99,94.99
"4/4/2025, 1:26:17 PM",28882,59.99,94.99
"4/4/2025, 7:27:05 PM",28084,59.99,94.99
"4/5/2025, 1:28:29 AM",26456,59.99,94.99
"4/5/2025, 7:29:17 AM",24376,59.99,94.99
"4/5/2025, 1:30:18 PM",25454,59.99,94.99
"4/5/2025, 7:31:03 PM",26986,59.99,94.99
"4/6/2025, 1:31:51 AM",23400,59.99,94.99
"4/6/2025, 7:32:29 AM",24097,59.99,94.99
"4/6/2025, 1:33:19 PM",24201,59.99,94.99
"4/6/2025, 7:34:04 PM",26084,59.99,94.99
"4/7/2025, 1:34:43 AM",23762,59.99,94.99
"4/7/2025, 7:35:17 AM",26919,59.99,94.99
"4/7/2025, 1:36:10 PM",25375,59.99,94.99
"4/7/2025, 7:37:04 PM",23856,59.99,94.99
"4/8/2025, 1:38:24 AM",23720,64.99,94.99
"4/8/2025, 7:39:07 AM",26326,64.99,94.99
"4/8/2025, 1:40:47 PM",27656,64.99,94.99
"4/8/2025, 7:41:08 PM",25295,64.99,94.99
"4/9/2025, 1:43:07 AM",24793,64.99,94.99
"4/9/2025, 7:43:22 AM",24832,64.99,94.99
"4/9/2025, 1:44:50 PM",28045,64.99,94.99
"4/9/2025, 7:45:24 PM",29974,64.99,94.99
"4/10/2025, 1:46:41 AM",35229,64.99,94.99
"4/10/2025, 7:47:17 AM",31272,64.99,94.99
"4/10/2025, 1:48:06 PM",30814,64.99,94.99
"4/10/2025, 7:48:22 PM",31231,64.99,94.99
"4/11/2025, 1:49:17 AM",35780,64.99,94.99
"4/11/2025, 7:50:05 AM",38427,64.99,94.99
"4/11/2025, 1:50:35 PM",37788,64.99,94.99
"4/11/2025, 7:51:09 PM",40547,64.99,94.99
"4/12/2025, 1:52:17 AM",34291,64.99,94.99
"4/12/2025, 7:53:03 AM",35812,59.99,94.99
"4/12/2025, 1:53:34 PM",40591,59.99,94.99
"4/12/2025, 7:54:10 PM",39855,59.99,94.99
"4/13/2025, 1:54:49 AM",47043,64.99,94.99
"4/13/2025, 7:55:21 AM",49889,64.99,94.99
"4/13/2025, 1:56:06 PM",49677,64.99,94.99
"4/13/2025, 7:56:22 PM",43126,64.99,94.99
"4/14/2025, 1:57:08 AM",32472,64.99,94.99
"4/14/2025, 7:57:31 AM",30802,64.99,94.99
"4/14/2025, 1:58:07 PM",29551,64.99,94.99
"4/14/2025, 7:58:22 PM",32123,59.99,94.99
"4/15/2025, 1:59:12 AM",35352,59.99,94.99
"4/15/2025, 8:00:05 AM",31221,59.99,94.99
"4/15/2025, 2:00:22 PM",35989,59.99,94.99
"4/15/2025, 8:01:04 PM",33422,59.99,94.99
"4/16/2025, 2:02:37 AM",38950,59.99,94.99
"4/16/2025, 8:03:21 AM",35475,59.99,94.99
"4/16/2025, 2:04:06 PM",35330,59.99,94.99
"4/16/2025, 8:04:24 PM",37142,59.99,94.99
"4/17/2025, 2:05:23 AM",39141,59.99,94.99
"4/17/2025, 8:06:07 AM",43875,59.99,94.99
"4/17/2025, 2:06:34 PM",50166,59.99,94.99
"4/17/2025, 8:07:20 PM",43862,59.99,94.99
"4/18/2025, 2:08:05 AM",38966,59.99,94.99
"4/18/2025, 8:08:33 AM",46009,59.99,94.99
"4/18/2025, 2:09:18 PM",47022,59.99,94.99
"4/18/2025, 8:10:06 PM",45288,59.99,94.99
"4/19/2025, 2:10:26 AM",45393,59.99,94.99
"4/19/2025, 8:11:09 AM",41204,59.99,94.99
"4/19/2025, 2:11:23 PM",47031,59.99,94.99
"4/19/2025, 8:12:07 PM",45234,59.99,94.99
"4/20/2025, 2:12:38 AM",48862,59.99,94.99
"4/20/2025, 8:13:21 AM",51127,59.99,94.99
"4/20/2025, 2:14:06 PM",49133,59.99,94.99
"4/20/2025, 8:14:35 PM",51141,59.99,94.99
"4/21/2025, 2:15:21 AM",47222,59.99,94.99
"4/21/2025, 8:15:56 AM",49527,59.99,94.99
"4/21/2025, 2:16:19 PM",55805,59.99,94.99
"4/21/2025, 8:17:06 PM",53656,59.99,94.99
"4/22/2025, 2:17:19 AM",56631,59.99,94.99
"4/22/2025, 8:18:05 AM",62904,59.99,94.99
"4/22/2025, 2:18:22 PM",63793,59.99,94.99
"4/22/2025, 8:19:07 PM",52558,59.99,94.99
"4/23/2025, 2:19:34 AM",56173,59.99,94.99
"4/23/2025, 8:20:23 AM",52313,59.99,94.99
"4/23/2025, 2:21:06 PM",51769,59.99,94.99
"4/23/2025, 8:21:23 PM",52027,59.99,94.99
"4/24/2025, 8:22:39 AM",49500,59.99,94.99
"4/24/2025, 2:23:21 PM",58110,59.99,94.99
"4/24/2025, 8:24:06 PM",50427,59.99,94.99
"4/25/2025, 2:24:35 AM",41922,59.99,94.99
"4/25/2025, 8:25:19 AM",43249,59.99,94.99
"4/25/2025, 2:26:04 PM",40566,59.99,94.99
"4/25/2025, 8:26:21 PM",38507,59.99,94.99
"4/27/2025, 2:27:25 AM",40971,59.99,94.99
"4/27/2025, 8:28:21 AM",29162,59.99,94.99
"4/27/2025, 2:29:05 PM",34079,59.99,94.99
"4/27/2025, 8:29:34 PM",36616,59.99,94.99
"4/28/2025, 2:30:09 AM",47121,59.99,94.99
"4/28/2025, 8:30:49 AM",33488,59.99,94.99
"4/28/2025, 2:31:06 PM",35695,59.99,94.99
"4/28/2025, 8:31:36 PM",33286,59.99,94.99
"4/29/2025, 2:32:20 AM",32525,59.99,94.99
"4/29/2025, 8:33:06 AM",31766,59.99,94.99
"4/29/2025, 2:33:23 PM",28722,59.99,94.99
"4/29/2025, 8:34:07 PM",28524,59.99,94.99
"4/30/2025, 2:34:34 AM",30256,59.99,94.99
"4/30/2025, 8:35:33 AM",25981,59.99,94.99
"4/30/2025, 4:23:27 PM",26559,59.99,94.99
"4/30/2025, 10:24:07 PM",27420,59.99,94.99
"5/1/2025, 4:25:51 AM",27316,59.99,94.99
"5/1/2025, 10:44:56 AM",28330,59.99,94.99
"5/1/2025, 4:45:32 PM",29651,59.99,94.99
"5/1/2025, 10:46:19 PM",30041,59.99,94.99
"5/2/2025, 4:47:07 AM",28199,59.99,94.99
"5/2/2025, 10:47:41 AM",28007,59.99,94.99
"5/2/2025, 4:48:21 PM",32709,59.99,94.99
"5/2/2025, 10:49:10 PM",34797,59.99,94.99
"5/3/2025, 4:50:02 AM",35152,59.99,94.99
"5/3/2025, 10:50:51 AM",38349,59.99,94.99
"5/3/2025, 4:51:22 PM",41325,59.99,94.99
"5/3/2025, 10:29:23 PM",41325,59.99,94.99
